-- phpMyAdmin SQL Dump
-- version 5.0.4
-- https://www.phpmyadmin.net/
--
-- Servidor: 127.0.0.1
-- Tiempo de generación: 25-03-2021 a las 20:52:31
-- Versión del servidor: 10.4.17-MariaDB
-- Versión de PHP: 8.0.2

SET SQL_MODE = "NO_AUTO_VALUE_ON_ZERO";
START TRANSACTION;
SET time_zone = "+00:00";


/*!40101 SET @OLD_CHARACTER_SET_CLIENT=@@CHARACTER_SET_CLIENT */;
/*!40101 SET @OLD_CHARACTER_SET_RESULTS=@@CHARACTER_SET_RESULTS */;
/*!40101 SET @OLD_COLLATION_CONNECTION=@@COLLATION_CONNECTION */;
/*!40101 SET NAMES utf8mb4 */;

--
-- Base de datos: `proyecto_final`
--

-- --------------------------------------------------------

--
-- Estructura de tabla para la tabla `datos_dispositivos`
--

CREATE TABLE `datos_dispositivos` (
  `id_tarjeta` int(11) NOT NULL,
  `estado` int(11) NOT NULL,
  `ubicacion` varchar(50) NOT NULL,
  `propietario` varchar(50) NOT NULL
) ENGINE=InnoDB DEFAULT CHARSET=utf8mb4;

--
-- Volcado de datos para la tabla `datos_dispositivos`
--

INSERT INTO `datos_dispositivos` (`id_tarjeta`, `estado`, `ubicacion`, `propietario`) VALUES
(1, 0, 'Popayan', 'Lina'),
(2, 1, 'Popayan', 'Laura'),
(3, 0, 'Popayan', 'Santiago'),
(4, 1, 'Popayan', 'Jhon');

-- --------------------------------------------------------

--
-- Estructura de tabla para la tabla `datos_maximos`
--

CREATE TABLE `datos_maximos` (
  `id` int(11) NOT NULL,
  `enfermedad` varchar(40) NOT NULL,
  `max_temp` int(11) NOT NULL,
  `max_hum` int(11) NOT NULL,
  `pre_lluvia` varchar(5) NOT NULL
) ENGINE=InnoDB DEFAULT CHARSET=latin1;

--
-- Volcado de datos para la tabla `datos_maximos`
--

INSERT INTO `datos_maximos` (`id`, `enfermedad`, `max_temp`, `max_hum`, `pre_lluvia`) VALUES
(1, 'fiebre_amarilla', 50, 80, '1'),
(2, 'dengue', 13, 13, '0');

-- --------------------------------------------------------

--
-- Estructura de tabla para la tabla `datos_medidos`
--

CREATE TABLE `datos_medidos` (
  `id` int(11) NOT NULL,
  `id_tarjeta` int(11) NOT NULL,
  `temperatura` float NOT NULL,
  `humedad` float NOT NULL,
  `fecha` date NOT NULL,
  `hora` varchar(20) NOT NULL,
  `lluvia` int(11) DEFAULT NULL
) ENGINE=InnoDB DEFAULT CHARSET=latin1;

--
-- Volcado de datos para la tabla `datos_medidos`
--

INSERT INTO `datos_medidos` (`id`, `id_tarjeta`, `temperatura`, `humedad`, `fecha`, `hora`, `lluvia`) VALUES
(1, 1, 28.8, 51.6, '2018-02-15', '15:17:15', 1),
(2, 3, 28.8, 51.8, '2018-02-15', '15:17:25', 0),
(3, 1, 28.7, 52, '2018-02-15', '15:17:35', 0),
(4, 2, 28.6, 52.2, '2018-02-15', '15:17:44', 1),
(5, 2, 28.5, 52.4, '2018-02-15', '15:17:53', 0),
(6, 1, 28.4, 52.6, '2018-02-15', '15:18:03', 1),
(7, 3, 28.3, 52.8, '2018-02-15', '15:18:12', 1),
(8, 2, 28.2, 53, '2018-02-15', '15:18:24', 1),
(9, 2, 28.1, 53.5, '2018-02-15', '15:18:34', 1),
(10, 2, 28, 53.6, '2018-02-15', '15:18:44', 1),
(11, 1, 27.9, 53.7, '2018-02-15', '15:18:53', 1),
(12, 2, 27.9, 53.8, '2018-02-15', '15:19:03', 1),
(13, 1, 27.9, 54, '2018-02-15', '15:19:12', 1),
(14, 3, 27.8, 54.2, '2018-02-15', '15:19:22', 1),
(15, 1, 27.8, 54.2, '2018-02-15', '15:19:31', 1),
(16, 1, 27.7, 54.3, '2018-02-15', '15:19:41', 1),
(17, 1, 27.7, 54.4, '2018-02-15', '15:19:50', 1),
(18, 1, 27.6, 54.5, '2018-02-15', '15:19:59', 1),
(19, 1, 27.6, 54.5, '2018-02-15', '15:20:09', 1),
(20, 1, 27.6, 54.7, '2018-02-15', '15:20:19', 1),
(21, 1, 27.5, 54.7, '2018-02-15', '15:20:28', 1),
(22, 3, 27.5, 54.7, '2018-02-15', '15:20:38', 1),
(23, 1, 27.4, 54.9, '2018-02-15', '15:20:47', 1),
(24, 1, 27.4, 55, '2018-02-15', '15:20:57', 1),
(25, 3, 27.3, 55, '2018-02-15', '15:21:06', 1),
(26, 1, 27.3, 55.3, '2018-02-15', '15:21:16', 0),
(27, 1, 27.2, 55.4, '2018-02-15', '15:21:25', 1),
(28, 1, 27.2, 55.5, '2018-02-15', '15:21:35', 1),
(29, 1, 27.1, 55.7, '2018-02-15', '15:21:44', 1),
(30, 2, 27.1, 55.8, '2018-02-15', '15:21:54', 1),
(31, 1, 27.1, 55.7, '2018-02-15', '15:22:03', 1),
(32, 1, 27.1, 55.8, '2018-02-15', '15:22:12', 1),
(33, 1, 27, 55.8, '2018-02-15', '15:22:22', 1),
(34, 1, 27, 55.8, '2018-02-15', '15:22:31', 1),
(35, 2, 27, 55.9, '2018-02-15', '15:22:41', 1),
(36, 1, 27, 56, '2018-02-15', '15:22:50', 1),
(37, 1, 26.9, 56.1, '2018-02-15', '15:23:00', 1),
(38, 1, 26.9, 56.6, '2018-02-15', '15:23:09', 1),
(39, 2, 26.9, 56.4, '2018-02-15', '15:23:19', 1),
(40, 1, 26.8, 56.5, '2018-02-15', '15:23:28', 1),
(41, 1, 26.8, 57.5, '2018-02-15', '15:23:38', 1),
(42, 1, 26.8, 56.6, '2018-02-15', '15:23:47', 1),
(43, 1, 26.8, 57, '2018-02-15', '15:23:57', 1),
(44, 2, 26.8, 56.7, '2018-02-15', '15:24:06', 1),
(45, 1, 26.8, 56.5, '2018-02-15', '15:24:16', 1),
(46, 2, 26.8, 56.4, '2018-02-15', '15:24:25', 1),
(47, 1, 26.8, 57, '2018-02-15', '15:24:35', 1),
(48, 1, 26.7, 56.7, '2018-02-15', '15:24:44', 1),
(49, 1, 26.7, 56.7, '2018-02-15', '15:24:53', 1),
(50, 2, 26.7, 56.5, '2018-02-15', '15:25:03', 1),
(51, 3, 26.7, 56.6, '2018-02-15', '15:25:12', 1),
(52, 1, 26.7, 56.6, '2018-02-15', '15:25:22', 1),
(53, 1, 26.7, 56.5, '2018-02-15', '15:25:31', 1),
(54, 1, 26.7, 56.6, '2018-02-15', '15:25:41', 1),
(55, 1, 26.7, 60.5, '2018-02-15', '15:25:50', 1),
(56, 1, 26.7, 58, '2018-02-14', '15:26:00', 0),
(57, 1, 26.7, 57.2, '2018-02-14', '15:26:09', 1),
(58, 1, 26.7, 56.9, '2018-02-14', '15:26:19', 1),
(59, 1, 26.7, 56.8, '2018-02-14', '15:26:28', 1),
(60, 1, 26.7, 56.8, '2018-02-14', '15:26:38', 1),
(63, 1, 21.7, 82.2, '2021-03-20', '09:24:26', 1),
(64, 2, 21.8, 83.7, '2021-03-20', '09:24:32', 1),
(65, 1, 21.8, 83.7, '2021-03-20', '09:24:37', 1),
(66, 1, 21.8, 84, '2021-03-20', '09:24:42', 1),
(67, 1, 21.8, 84.6, '2021-03-20', '09:24:48', 1),
(68, 1, 21.8, 84.2, '2021-03-20', '09:24:53', 1),
(69, 1, 21.8, 84.6, '2021-03-20', '09:24:58', 1),
(70, 1, 21.8, 84, '2021-03-20', '09:25:03', 1),
(71, 1, 21.9, 82.2, '2021-03-20', '09:25:09', 1),
(72, 1, 21.9, 81.5, '2021-03-20', '09:25:14', 1),
(73, 1, 22, 82.2, '2021-03-20', '09:25:19', 1),
(74, 1, 21.9, 82.7, '2021-03-20', '09:25:25', 1),
(75, 1, 21.9, 83.1, '2021-03-20', '09:25:30', 1),
(76, 1, 22, 82.1, '2021-03-20', '09:25:35', 1),
(77, 1, 22, 81.5, '2021-03-20', '09:25:41', 1),
(78, 1, 22, 80.9, '2021-03-20', '09:25:46', 1),
(79, 1, 22, 80.6, '2021-03-20', '09:25:51', 1),
(80, 1, 22.1, 80.8, '2021-03-20', '09:25:57', 1),
(81, 1, 22.1, 80.2, '2021-03-20', '09:26:02', 1),
(82, 1, 22.1, 79.9, '2021-03-20', '09:26:07', 1),
(83, 1, 22.1, 80.3, '2021-03-20', '09:26:13', 1),
(84, 1, 22.1, 80.2, '2021-03-20', '09:26:18', 1),
(85, 1, 22.1, 81.1, '2021-03-20', '09:26:23', 1),
(86, 1, 22.1, 80.3, '2021-03-20', '09:26:28', 1),
(87, 1, 22.2, 80.2, '2021-03-20', '09:26:34', 1),
(88, 1, 22.2, 79.7, '2021-03-20', '09:26:39', 1),
(89, 1, 22.2, 79.7, '2021-03-20', '09:26:44', 1),
(90, 1, 22.2, 79.4, '2021-03-20', '09:26:50', 1),
(91, 1, 22.2, 79.1, '2021-03-20', '09:26:55', 1),
(92, 1, 22.2, 79, '2021-03-20', '09:27:00', 1),
(93, 1, 22.2, 78.9, '2021-03-20', '09:27:06', 1),
(94, 1, 22.2, 78.9, '2021-03-20', '09:27:11', 1),
(95, 1, 22.2, 79.6, '2021-03-20', '09:27:16', 1),
(96, 1, 22.2, 81, '2021-03-20', '09:27:22', 1),
(97, 1, 22.2, 81.5, '2021-03-20', '09:27:27', 1),
(98, 1, 22.2, 82.2, '2021-03-20', '09:27:32', 1),
(99, 1, 22.3, 81.2, '2021-03-20', '09:27:38', 1),
(100, 1, 22.3, 82.5, '2021-03-20', '09:27:43', 1),
(101, 1, 22.3, 81.6, '2021-03-20', '09:27:48', 1),
(102, 1, 22.3, 81.2, '2021-03-20', '09:27:54', 1),
(103, 1, 22.4, 78.9, '2021-03-20', '09:28:28', 1),
(104, 1, 22.4, 78.7, '2021-03-20', '09:28:33', 1),
(105, 1, 22.4, 80.2, '2021-03-20', '09:28:38', 1),
(106, 1, 22.8, 79.3, '2021-03-20', '02:48:37', 1),
(107, 1, 22.9, 80.5, '2021-03-20', '02:48:43', 1),
(108, 1, 22.9, 79.8, '2021-03-20', '02:48:48', 1),
(109, 1, 22.9, 79.6, '2021-03-20', '02:48:53', 1),
(110, 1, 22.9, 79.5, '2021-03-20', '02:48:59', 1),
(111, 1, 22.9, 80, '2021-03-20', '02:49:04', 1),
(112, 1, 22.9, 79.7, '2021-03-20', '02:49:09', 1),
(113, 1, 23, 79.2, '2021-03-20', '02:49:15', 1),
(114, 1, 23, 79, '2021-03-20', '02:49:20', 1),
(115, 1, 22.9, 79.2, '2021-03-20', '02:49:25', 1),
(116, 1, 23, 79.4, '2021-03-20', '02:49:31', 1),
(117, 1, 23, 79.7, '2021-03-20', '02:49:36', 1),
(118, 1, 23, 79.4, '2021-03-20', '02:49:41', 1),
(119, 1, 23, 79.1, '2021-03-20', '02:49:47', 1),
(120, 1, 23, 78.8, '2021-03-20', '02:49:52', 1),
(121, 1, 23, 78.3, '2021-03-20', '02:49:57', 1),
(122, 1, 23, 78.4, '2021-03-20', '02:50:03', 1),
(123, 1, 23, 78.2, '2021-03-20', '02:50:08', 1),
(124, 1, 23, 78.1, '2021-03-20', '02:50:13', 1),
(125, 1, 23.1, 78.2, '2021-03-20', '02:50:19', 1),
(126, 1, 23.1, 78.6, '2021-03-20', '02:50:24', 1),
(127, 1, 23.1, 78.7, '2021-03-20', '02:50:29', 1),
(128, 1, 23.1, 78.3, '2021-03-20', '02:50:35', 1),
(129, 3, 23.1, 78.4, '2021-03-20', '02:50:40', 1),
(130, 1, 23.1, 78.6, '2021-03-20', '02:50:45', 1),
(131, 1, 23.1, 78.9, '2021-03-20', '02:50:51', 1),
(132, 1, 23.1, 79.2, '2021-03-20', '02:50:56', 1),
(133, 1, 23.1, 78.9, '2021-03-20', '02:51:01', 1),
(134, 1, 23.1, 78.8, '2021-03-20', '02:51:07', 1),
(135, 1, 23.1, 79.2, '2021-03-20', '02:51:12', 1),
(136, 1, 23.1, 79.8, '2021-03-20', '02:51:17', 1),
(137, 1, 23.1, 79, '2021-03-20', '02:54:01', 0),
(138, 1, 22.5, 81.4, '2021-03-20', '02:54:06', 0),
(139, 1, 22.6, 81, '2021-03-20', '02:54:11', 0),
(140, 1, 22.6, 80.2, '2021-03-20', '02:54:17', 0),
(141, 1, 22.6, 80, '2021-03-20', '02:54:22', 0),
(142, 1, 22.6, 80.6, '2021-03-20', '02:54:27', 0),
(143, 1, 22.6, 81, '2021-03-20', '02:54:33', 0),
(144, 1, 22.7, 81.7, '2021-03-20', '02:54:38', 0),
(145, 2, 22.7, 81.9, '2021-03-20', '02:54:43', 0),
(146, 1, 22.7, 81.1, '2021-03-20', '02:54:49', 0),
(147, 1, 22.7, 81.7, '2021-03-20', '02:54:54', 0),
(148, 2, 22.8, 82.5, '2021-03-20', '02:54:59', 0),
(149, 1, 22.8, 81.9, '2021-03-20', '02:55:05', 0),
(150, 1, 22.8, 82.4, '2021-03-20', '02:55:10', 0),
(151, 1, 22.8, 81.3, '2021-03-20', '02:55:15', 0),
(152, 1, 22.8, 81.4, '2021-03-20', '02:55:21', 0),
(153, 1, 22.8, 80.6, '2021-03-20', '02:55:26', 0),
(154, 1, 22.8, 79.5, '2021-03-20', '02:55:31', 0),
(155, 2, 22.8, 80.1, '2021-03-20', '02:55:37', 0),
(156, 1, 22.8, 80.5, '2021-03-20', '02:55:42', 0),
(157, 1, 22.9, 81.1, '2021-03-20', '02:55:47', 0),
(158, 1, 22.9, 81.9, '2021-03-20', '02:55:53', 0),
(159, 1, 22.9, 82.6, '2021-03-20', '02:55:58', 0),
(160, 1, 22.9, 82.5, '2021-03-20', '02:56:04', 0),
(161, 1, 22.9, 80.6, '2021-03-20', '02:56:09', 0),
(162, 1, 22.9, 79.5, '2021-03-20', '02:56:14', 0),
(163, 1, 22.9, 79.5, '2021-03-20', '02:56:20', 0),
(164, 1, 22.9, 80.1, '2021-03-20', '02:56:25', 0),
(165, 1, 22.9, 79.8, '2021-03-20', '02:56:30', 0),
(166, 1, 22.9, 79, '2021-03-20', '02:56:36', 0),
(167, 1, 22.9, 78.4, '2021-03-20', '02:56:41', 0),
(168, 1, 22.9, 78.2, '2021-03-20', '02:56:46', 0),
(169, 1, 22.9, 78, '2021-03-20', '02:56:52', 0),
(170, 1, 22.8, 78, '2021-03-20', '02:56:57', 0),
(171, 1, 22.8, 78.2, '2021-03-20', '02:57:02', 0),
(172, 1, 22.8, 78.6, '2021-03-20', '02:57:08', 0),
(173, 1, 22.8, 79.3, '2021-03-20', '02:57:13', 0),
(174, 1, 22.8, 79.6, '2021-03-20', '02:57:18', 0),
(175, 1, 22.8, 79.5, '2021-03-20', '02:57:24', 0),
(176, 1, 23.1, 79.3, '2021-03-20', '03:01:02', 0),
(177, 1, 23.1, 80.2, '2021-03-20', '03:01:07', 0),
(178, 1, 23.1, 80.8, '2021-03-20', '03:01:13', 0),
(179, 1, 23.1, 80.1, '2021-03-20', '03:01:18', 0),
(180, 1, 23.1, 80.2, '2021-03-20', '03:01:23', 0),
(181, 1, 23.1, 79.6, '2021-03-20', '03:01:29', 0),
(182, 1, 23.1, 79.5, '2021-03-20', '03:01:34', 0),
(183, 1, 23.1, 78.8, '2021-03-20', '03:01:39', 0),
(184, 1, 23.1, 78.2, '2021-03-20', '03:01:45', 0),
(185, 1, 23.1, 78, '2021-03-20', '03:01:50', 0),
(186, 1, 23.1, 78, '2021-03-20', '03:01:55', 0),
(187, 1, 23.2, 77.6, '2021-03-20', '03:02:01', 0),
(188, 1, 23.1, 77.3, '2021-03-20', '03:02:06', 0),
(189, 1, 23.1, 77.3, '2021-03-20', '03:02:11', 0),
(190, 1, 23.1, 77.3, '2021-03-20', '03:02:17', 0),
(191, 1, 23, 77.3, '2021-03-20', '03:02:22', 0),
(192, 1, 23, 77.4, '2021-03-20', '03:02:27', 0),
(193, 1, 23, 77.2, '2021-03-20', '03:02:33', 0),
(194, 3, 22.9, 77.1, '2021-03-20', '03:02:38', 0),
(195, 1, 22.9, 77.2, '2021-03-20', '03:02:43', 0),
(196, 3, 22.8, 77.3, '2021-03-20', '03:02:49', 0),
(197, 1, 22.9, 77.4, '2021-03-20', '03:02:54', 0),
(198, 1, 22.8, 77.5, '2021-03-20', '03:02:59', 0),
(199, 1, 22.8, 77.9, '2021-03-20', '03:03:05', 0),
(200, 1, 22.8, 78.8, '2021-03-20', '03:03:10', 0),
(201, 1, 22.8, 78.7, '2021-03-20', '03:03:15', 0),
(202, 1, 22.8, 78.5, '2021-03-20', '03:03:21', 0),
(203, 3, 22.8, 79.4, '2021-03-20', '03:03:26', 0),
(204, 1, 22.8, 79.1, '2021-03-20', '03:03:32', 0),
(205, 1, 22.8, 79.6, '2021-03-20', '03:03:37', 0),
(206, 1, 22.8, 79.7, '2021-03-20', '03:03:42', 0),
(207, 1, 22.8, 80.2, '2021-03-20', '03:03:48', 0),
(208, 1, 23.2, 78.9, '2021-03-20', '03:08:14', 0),
(209, 1, 23.1, 79.4, '2021-03-20', '03:08:20', 0),
(210, 1, 23.2, 80.5, '2021-03-20', '03:08:25', 0),
(211, 1, 23.2, 80.2, '2021-03-20', '03:08:30', 0),
(212, 2, 22.7, 78.3, '2021-03-20', '03:16:46', 0),
(213, 1, 22.6, 82.2, '2021-03-20', '03:16:51', 0),
(214, 1, 22.6, 81.8, '2021-03-20', '03:16:56', 0),
(215, 1, 22.6, 81.8, '2021-03-20', '03:17:02', 0),
(216, 1, 22.6, 81.4, '2021-03-20', '03:17:07', 0),
(217, 1, 22.7, 81.1, '2021-03-20', '03:17:12', 0),
(218, 1, 22.7, 80.9, '2021-03-20', '03:17:18', 0),
(219, 1, 22.7, 80.9, '2021-03-20', '03:17:23', 0),
(220, 2, 22.7, 80.5, '2021-03-20', '03:17:28', 0),
(221, 1, 22.7, 80.1, '2021-03-20', '03:17:34', 0),
(222, 1, 22.8, 80.8, '2021-03-20', '03:17:39', 0),
(223, 3, 22.8, 81.3, '2021-03-20', '03:17:44', 0),
(224, 1, 22.8, 81.4, '2021-03-20', '03:18:04', 0),
(225, 1, 22.8, 81.4, '2021-03-20', '03:18:09', 0),
(226, 1, 22.8, 80.6, '2021-03-20', '03:18:14', 0),
(227, 3, 22.8, 80.8, '2021-03-20', '03:18:20', 0),
(228, 1, 22.8, 80.3, '2021-03-20', '03:18:25', 0),
(229, 1, 22.9, 79.8, '2021-03-20', '03:18:30', 0),
(230, 1, 22.9, 79.4, '2021-03-20', '03:18:36', 0),
(231, 2, 22.9, 79.7, '2021-03-20', '03:18:41', 0),
(232, 1, 22.9, 79.2, '2021-03-20', '03:18:46', 0),
(233, 1, 22.9, 79, '2021-03-20', '03:18:52', 0),
(234, 3, 23, 78.9, '2021-03-20', '03:18:57', 0),
(235, 1, 23, 79.4, '2021-03-20', '03:19:02', 0),
(236, 3, 23.1, 79.5, '2021-03-20', '03:19:08', 0),
(237, 1, 23.1, 79.1, '2021-03-20', '03:19:13', 0),
(238, 1, 23.1, 78.9, '2021-03-20', '03:19:18', 0),
(239, 1, 23.2, 78.7, '2021-03-20', '03:19:24', 0),
(240, 1, 23.1, 78.5, '2021-03-20', '03:19:29', 0),
(241, 1, 22.7, 81, '2021-03-20', '03:46:15', 0),
(242, 1, 22.6, 81.5, '2021-03-20', '03:46:21', 0),
(243, 3, 22.6, 81.7, '2021-03-20', '03:46:26', 0),
(244, 1, 22.7, 81.5, '2021-03-20', '03:46:31', 0),
(245, 1, 22.7, 81.6, '2021-03-20', '03:46:37', 0),
(246, 1, 22.7, 82.2, '2021-03-20', '03:46:42', 0),
(247, 1, 22.8, 82.3, '2021-03-20', '03:46:47', 0),
(248, 1, 22.8, 81.9, '2021-03-20', '03:46:53', 0),
(249, 1, 22.8, 81, '2021-03-20', '03:46:58', 0),
(250, 1, 22.8, 80.5, '2021-03-20', '03:47:03', 0),
(251, 1, 22.8, 80, '2021-03-20', '03:47:09', 0),
(252, 3, 22.8, 80, '2021-03-20', '03:47:14', 0),
(253, 1, 22.8, 79.9, '2021-03-20', '03:47:19', 0),
(254, 1, 22.7, 79.5, '2021-03-20', '03:47:25', 0),
(255, 1, 22.7, 79.5, '2021-03-20', '03:47:30', 0),
(256, 1, 22.7, 80.8, '2021-03-20', '03:47:35', 0),
(257, 1, 22.7, 82.4, '2021-03-20', '03:47:41', 0),
(258, 1, 22.7, 82.6, '2021-03-20', '03:47:46', 0),
(259, 1, 22.7, 82.6, '2021-03-20', '03:47:51', 0),
(260, 1, 22.7, 82, '2021-03-20', '03:47:57', 0),
(261, 1, 22.7, 81.5, '2021-03-20', '03:48:02', 0),
(262, 1, 22.8, 83, '2021-03-20', '03:48:07', 0),
(263, 1, 22.8, 82.3, '2021-03-20', '03:48:13', 0),
(264, 1, 22.8, 81.6, '2021-03-20', '03:48:18', 0),
(265, 1, 22.8, 81.6, '2021-03-20', '03:48:24', 0),
(266, 1, 22.8, 82, '2021-03-20', '03:48:29', 0),
(267, 1, 22.5, 82.6, '2021-03-20', '04:07:14', 0),
(268, 1, 22.4, 83.2, '2021-03-20', '04:07:20', 0),
(269, 1, 22.4, 81.6, '2021-03-20', '04:08:01', 0),
(270, 1, 22.4, 81.6, '2021-03-20', '04:08:06', 0),
(271, 1, 22.5, 82.6, '2021-03-20', '04:08:46', 0),
(272, 1, 22.5, 81.5, '2021-03-20', '04:08:52', 0),
(273, 1, 22.5, 81.3, '2021-03-20', '04:08:57', 0),
(274, 1, 22.5, 81.3, '2021-03-20', '04:09:02', 0),
(275, 1, 22.5, 81.2, '2021-03-20', '04:09:08', 0),
(276, 1, 22.5, 82, '2021-03-20', '04:09:13', 0),
(277, 1, 22.5, 82.3, '2021-03-20', '04:09:18', 0),
(278, 1, 22.5, 83.6, '2021-03-20', '04:09:24', 0),
(279, 1, 22.5, 83.5, '2021-03-20', '04:09:29', 0),
(280, 1, 22.5, 83.2, '2021-03-20', '04:09:34', 0),
(281, 1, 22.5, 82.5, '2021-03-20', '04:09:40', 0),
(282, 1, 22.5, 82.1, '2021-03-20', '04:09:45', 0),
(283, 1, 22.6, 82.6, '2021-03-20', '04:09:50', 0),
(284, 1, 22.6, 82.7, '2021-03-20', '04:09:56', 0),
(285, 1, 22.6, 83.2, '2021-03-20', '04:10:01', 0),
(286, 1, 22.6, 83.2, '2021-03-20', '04:10:06', 0),
(287, 1, 22.6, 83.3, '2021-03-20', '04:10:12', 0),
(288, 1, 22.6, 83.2, '2021-03-20', '04:10:17', 0),
(289, 1, 22.7, 83, '2021-03-20', '04:10:22', 0),
(290, 1, 22.7, 82.7, '2021-03-20', '04:10:28', 0),
(291, 1, 22.7, 81.8, '2021-03-20', '04:10:33', 0),
(292, 1, 22.7, 81.4, '2021-03-20', '04:10:38', 0),
(294, 2, 22.7, 79.1, '2021-03-20', '04:16:37', 1),
(295, 2, 22.7, 80, '2021-03-20', '04:16:42', 0),
(296, 2, 22.7, 81.3, '2021-03-20', '04:16:48', 0),
(297, 2, 22.7, 81, '2021-03-20', '04:16:53', 0),
(298, 2, 22.7, 81.9, '2021-03-20', '04:16:58', 1),
(299, 2, 22.7, 81.7, '2021-03-20', '04:17:04', 1),
(300, 2, 22.8, 81.8, '2021-03-20', '04:17:09', 1),
(301, 2, 22.8, 81.2, '2021-03-20', '04:17:14', 0),
(302, 2, 22.8, 81.8, '2021-03-20', '04:17:20', 0),
(303, 2, 22.8, 81.9, '2021-03-20', '04:17:25', 0),
(304, 2, 22.8, 82.5, '2021-03-20', '04:17:30', 1),
(305, 2, 22.8, 82.4, '2021-03-20', '04:17:36', 1),
(306, 2, 22.9, 82.1, '2021-03-20', '04:17:41', 1),
(307, 2, 22.9, 81.8, '2021-03-20', '04:17:46', 1),
(308, 2, 22.9, 81, '2021-03-20', '04:17:52', 1),
(309, 2, 22.9, 81.2, '2021-03-20', '04:17:57', 1),
(310, 2, 22.9, 81.3, '2021-03-20', '04:18:02', 1),
(311, 2, 22.9, 80.9, '2021-03-20', '04:18:08', 1),
(312, 2, 22.9, 81.6, '2021-03-20', '04:18:13', 1),
(313, 2, 22.9, 81.3, '2021-03-20', '04:18:18', 0),
(314, 2, 22.9, 81.1, '2021-03-20', '04:18:24', 0),
(315, 2, 22.9, 81.1, '2021-03-20', '04:18:29', 0),
(316, 2, 22.9, 80.5, '2021-03-20', '04:18:34', 0),
(317, 2, 22.9, 79.7, '2021-03-20', '04:18:40', 0),
(318, 2, 22.9, 79.4, '2021-03-20', '04:18:45', 0),
(319, 2, 22.9, 79.4, '2021-03-20', '04:18:50', 0),
(320, 2, 22.9, 79.1, '2021-03-20', '04:18:56', 0),
(321, 2, 22.9, 78.9, '2021-03-20', '04:19:01', 0),
(322, 2, 22.8, 78.9, '2021-03-20', '04:19:06', 0),
(323, 2, 22.8, 78.9, '2021-03-20', '04:19:12', 0),
(324, 2, 22.8, 78.9, '2021-03-20', '04:19:17', 0),
(325, 2, 22.8, 78.8, '2021-03-20', '04:19:23', 0),
(326, 2, 22.8, 78.9, '2021-03-20', '04:19:28', 0),
(327, 2, 22.7, 78.8, '2021-03-20', '04:19:33', 0),
(328, 2, 22.7, 78.9, '2021-03-20', '04:19:39', 0),
(329, 2, 22.7, 78.9, '2021-03-20', '04:19:44', 0),
(330, 2, 22.7, 78.9, '2021-03-20', '04:19:49', 0),
(331, 2, 22.7, 78.9, '2021-03-20', '04:19:55', 0),
(332, 2, 22.7, 78.9, '2021-03-20', '04:20:00', 0),
(333, 2, 22.7, 78.9, '2021-03-20', '04:20:05', 0),
(334, 2, 22.6, 78.8, '2021-03-20', '04:20:11', 0),
(335, 2, 22.6, 78.8, '2021-03-20', '04:20:16', 0),
(336, 2, 22.6, 78.9, '2021-03-20', '04:20:21', 0),
(337, 2, 22.6, 79.1, '2021-03-20', '04:20:27', 0),
(338, 2, 22.6, 79.3, '2021-03-20', '04:20:32', 0),
(339, 2, 22.6, 80.2, '2021-03-20', '04:20:37', 0),
(340, 2, 22.6, 80.1, '2021-03-20', '04:20:43', 0),
(341, 2, 24, 77, '2021-03-25', '02:22:27', 0),
(344, 2, 24, 76.9, '2021-03-25', '02:22:43', 0),
(351, 2, 24.1, 77.7, '2021-03-25', '02:23:21', 0),
(352, 2, 24.2, 84.8, '2021-03-25', '02:23:26', 0),
(353, 2, 24.3, 82, '2021-03-25', '02:23:31', 0),
(354, 2, 24.4, 79.2, '2021-03-25', '02:23:36', 0),
(355, 2, 24.4, 78, '2021-03-25', '02:23:42', 0),
(356, 2, 24.4, 77.9, '2021-03-25', '02:23:47', 0),
(357, 2, 24.4, 77.5, '2021-03-25', '02:23:52', 0),
(358, 2, 24.4, 77.3, '2021-03-25', '02:23:58', 0),
(359, 2, 24.4, 77.7, '2021-03-25', '02:24:03', 0),
(360, 2, 24.4, 78.1, '2021-03-25', '02:24:08', 0),
(361, 2, 24.4, 77.7, '2021-03-25', '02:24:14', 0),
(362, 2, 24.4, 77.6, '2021-03-25', '02:24:19', 0),
(363, 2, 24.4, 76.8, '2021-03-25', '02:24:24', 0),
(396, 2, 24.4, 79.7, '2021-03-25', '02:27:21', 0),
(397, 2, 24.4, 80.4, '2021-03-25', '02:27:26', 0),
(398, 2, 24.5, 77.7, '2021-03-25', '02:27:32', 0),
(402, 2, 24.5, 78.5, '2021-03-25', '02:27:53', 0),
(403, 2, 24.6, 82.7, '2021-03-25', '02:27:58', 0),
(404, 2, 24.7, 81.7, '2021-03-25', '02:28:04', 0),
(405, 2, 24.9, 86.4, '2021-03-25', '02:28:09', 0),
(406, 2, 25.1, 88.5, '2021-03-25', '02:28:14', 0),
(420, 3, 24.5, 84.3, '2021-03-25', '02:35:51', 0),
(421, 3, 24.9, 87.3, '2021-03-25', '02:35:56', 0),
(430, 3, 26.4, 87.3, '2021-03-25', '02:36:44', 0),
(431, 3, 26.6, 85.7, '2021-03-25', '02:36:49', 0),
(432, 3, 26.6, 80.1, '2021-03-25', '02:36:55', 0);

--
-- Índices para tablas volcadas
--

--
-- Indices de la tabla `datos_dispositivos`
--
ALTER TABLE `datos_dispositivos`
  ADD PRIMARY KEY (`id_tarjeta`);

--
-- Indices de la tabla `datos_maximos`
--
ALTER TABLE `datos_maximos`
  ADD PRIMARY KEY (`id`);

--
-- Indices de la tabla `datos_medidos`
--
ALTER TABLE `datos_medidos`
  ADD PRIMARY KEY (`id`);

--
-- AUTO_INCREMENT de las tablas volcadas
--

--
-- AUTO_INCREMENT de la tabla `datos_maximos`
--
ALTER TABLE `datos_maximos`
  MODIFY `id` int(11) NOT NULL AUTO_INCREMENT, AUTO_INCREMENT=3;

--
-- AUTO_INCREMENT de la tabla `datos_medidos`
--
ALTER TABLE `datos_medidos`
  MODIFY `id` int(11) NOT NULL AUTO_INCREMENT, AUTO_INCREMENT=511;
COMMIT;

/*!40101 SET CHARACTER_SET_CLIENT=@OLD_CHARACTER_SET_CLIENT */;
/*!40101 SET CHARACTER_SET_RESULTS=@OLD_CHARACTER_SET_RESULTS */;
/*!40101 SET COLLATION_CONNECTION=@OLD_COLLATION_CONNECTION */;
