-- phpMyAdmin SQL Dump
-- version 5.0.4
-- https://www.phpmyadmin.net/
--
-- Host: 127.0.0.1
-- Generation Time: May 04, 2021 at 08:55 AM
-- Server version: 10.4.17-MariaDB
-- PHP Version: 8.0.2

SET SQL_MODE = "NO_AUTO_VALUE_ON_ZERO";
START TRANSACTION;
SET time_zone = "+00:00";


/*!40101 SET @OLD_CHARACTER_SET_CLIENT=@@CHARACTER_SET_CLIENT */;
/*!40101 SET @OLD_CHARACTER_SET_RESULTS=@@CHARACTER_SET_RESULTS */;
/*!40101 SET @OLD_COLLATION_CONNECTION=@@COLLATION_CONNECTION */;
/*!40101 SET NAMES utf8mb4 */;

--
-- Database: `proyecto_final`
--

-- --------------------------------------------------------

--
-- Table structure for table `datos_dispositivos`
--

CREATE TABLE `datos_dispositivos` (
  `id_tarjeta` int(11) NOT NULL,
  `estado` int(11) NOT NULL,
  `ubicacion` varchar(50) NOT NULL,
  `propietario` varchar(50) NOT NULL
) ENGINE=InnoDB DEFAULT CHARSET=utf8mb4;

--
-- Dumping data for table `datos_dispositivos`
--

INSERT INTO `datos_dispositivos` (`id_tarjeta`, `estado`, `ubicacion`, `propietario`) VALUES
(1, 1, 'Popayán', 'Lina'),
(2, 1, 'Popayan', 'Laura'),
(3, 1, 'Popayan', 'Nathalia'),
(4, 0, 'Popayan', 'Ricardo Salazar');

-- --------------------------------------------------------

--
-- Table structure for table `datos_maximos`
--

CREATE TABLE `datos_maximos` (
  `id` int(11) NOT NULL,
  `enfermedad` varchar(40) NOT NULL,
  `max_temp` int(11) NOT NULL,
  `max_hum` int(11) NOT NULL,
  `pre_lluvia` varchar(5) NOT NULL
) ENGINE=InnoDB DEFAULT CHARSET=latin1;

--
-- Dumping data for table `datos_maximos`
--

INSERT INTO `datos_maximos` (`id`, `enfermedad`, `max_temp`, `max_hum`, `pre_lluvia`) VALUES
(1, 'fiebre_amarilla', 10, 100, '0'),
(2, 'dengue', 45, 45, '0');

-- --------------------------------------------------------

--
-- Table structure for table `datos_medidos`
--

CREATE TABLE `datos_medidos` (
  `id` int(11) NOT NULL,
  `id_tarjeta` int(11) NOT NULL,
  `temperatura` float NOT NULL,
  `humedad` float NOT NULL,
  `fecha` date NOT NULL,
  `hora` varchar(20) NOT NULL,
  `lluvia` int(11) DEFAULT NULL
) ENGINE=InnoDB DEFAULT CHARSET=latin1;

--
-- Dumping data for table `datos_medidos`
--

INSERT INTO `datos_medidos` (`id`, `id_tarjeta`, `temperatura`, `humedad`, `fecha`, `hora`, `lluvia`) VALUES
(1, 1, 28.8, 51.6, '2018-02-15', '15:17:15', 1),
(2, 3, 28.8, 51.8, '2018-02-15', '15:17:25', 0),
(3, 1, 28.7, 52, '2018-02-15', '15:17:35', 0),
(4, 2, 28.6, 52.2, '2018-02-15', '15:17:44', 1),
(5, 2, 28.5, 52.4, '2018-02-15', '15:17:53', 0),
(6, 1, 28.4, 52.6, '2018-02-15', '15:18:03', 1),
(7, 3, 28.3, 52.8, '2018-02-15', '15:18:12', 1),
(8, 2, 28.2, 53, '2018-02-15', '15:18:24', 1),
(9, 2, 28.1, 53.5, '2018-02-15', '15:18:34', 1),
(10, 2, 28, 53.6, '2018-02-15', '15:18:44', 1),
(11, 1, 27.9, 53.7, '2018-02-15', '15:18:53', 1),
(12, 2, 27.9, 53.8, '2018-02-15', '15:19:03', 1),
(13, 1, 27.9, 54, '2018-02-15', '15:19:12', 1),
(14, 3, 27.8, 54.2, '2018-02-15', '15:19:22', 1),
(15, 1, 27.8, 54.2, '2018-02-15', '15:19:31', 1),
(16, 1, 27.7, 54.3, '2018-02-15', '15:19:41', 1),
(17, 1, 27.7, 54.4, '2018-02-15', '15:19:50', 1),
(18, 1, 27.6, 54.5, '2018-02-15', '15:19:59', 1),
(19, 1, 27.6, 54.5, '2018-02-15', '15:20:09', 1),
(20, 1, 27.6, 54.7, '2018-02-15', '15:20:19', 1),
(21, 1, 27.5, 54.7, '2018-02-15', '15:20:28', 1),
(22, 3, 27.5, 54.7, '2018-02-15', '15:20:38', 1),
(23, 1, 27.4, 54.9, '2018-02-15', '15:20:47', 1),
(24, 1, 27.4, 55, '2018-02-15', '15:20:57', 1),
(25, 3, 27.3, 55, '2018-02-15', '15:21:06', 1),
(26, 1, 27.3, 55.3, '2018-02-15', '15:21:16', 0),
(27, 1, 27.2, 55.4, '2018-02-15', '15:21:25', 1),
(28, 1, 27.2, 55.5, '2018-02-15', '15:21:35', 1),
(29, 1, 27.1, 55.7, '2018-02-15', '15:21:44', 1),
(30, 2, 27.1, 55.8, '2018-02-15', '15:21:54', 1),
(31, 1, 27.1, 55.7, '2018-02-15', '15:22:03', 1),
(32, 1, 27.1, 55.8, '2018-02-15', '15:22:12', 1),
(33, 1, 27, 55.8, '2018-02-15', '15:22:22', 1),
(34, 1, 27, 55.8, '2018-02-15', '15:22:31', 1),
(35, 2, 27, 55.9, '2018-02-15', '15:22:41', 1),
(36, 1, 27, 56, '2018-02-15', '15:22:50', 1),
(37, 1, 26.9, 56.1, '2018-02-15', '15:23:00', 1),
(38, 1, 26.9, 56.6, '2018-02-15', '15:23:09', 1),
(39, 2, 26.9, 56.4, '2018-02-15', '15:23:19', 1),
(40, 1, 26.8, 56.5, '2018-02-15', '15:23:28', 1),
(41, 1, 26.8, 57.5, '2018-02-15', '15:23:38', 1),
(42, 1, 26.8, 56.6, '2018-02-15', '15:23:47', 1),
(43, 1, 26.8, 57, '2018-02-15', '15:23:57', 1),
(44, 2, 26.8, 56.7, '2018-02-15', '15:24:06', 1),
(45, 1, 26.8, 56.5, '2018-02-15', '15:24:16', 1),
(46, 2, 26.8, 56.4, '2018-02-15', '15:24:25', 1),
(47, 1, 26.8, 57, '2018-02-15', '15:24:35', 1),
(48, 1, 26.7, 56.7, '2018-02-15', '15:24:44', 1),
(49, 1, 26.7, 56.7, '2018-02-15', '15:24:53', 1),
(50, 2, 26.7, 56.5, '2018-02-15', '15:25:03', 1),
(51, 3, 26.7, 56.6, '2018-02-15', '15:25:12', 1),
(52, 1, 26.7, 56.6, '2018-02-15', '15:25:22', 1),
(53, 1, 26.7, 56.5, '2018-02-15', '15:25:31', 1),
(54, 1, 26.7, 56.6, '2018-02-15', '15:25:41', 1),
(55, 1, 26.7, 60.5, '2018-02-15', '15:25:50', 1),
(56, 1, 26.7, 58, '2018-02-14', '15:26:00', 0),
(57, 1, 26.7, 57.2, '2018-02-14', '15:26:09', 1),
(58, 1, 26.7, 56.9, '2018-02-14', '15:26:19', 1),
(59, 1, 26.7, 56.8, '2018-02-14', '15:26:28', 1),
(60, 1, 26.7, 56.8, '2018-02-14', '15:26:38', 1),
(63, 1, 21.7, 82.2, '2021-03-20', '09:24:26', 1),
(64, 2, 21.8, 83.7, '2021-03-20', '09:24:32', 1),
(65, 1, 21.8, 83.7, '2021-03-20', '09:24:37', 1),
(66, 1, 21.8, 84, '2021-03-20', '09:24:42', 1),
(67, 1, 21.8, 84.6, '2021-03-20', '09:24:48', 1),
(68, 1, 21.8, 84.2, '2021-03-20', '09:24:53', 1),
(69, 1, 21.8, 84.6, '2021-03-20', '09:24:58', 1),
(70, 1, 21.8, 84, '2021-03-20', '09:25:03', 1),
(71, 1, 21.9, 82.2, '2021-03-20', '09:25:09', 1),
(72, 1, 21.9, 81.5, '2021-03-20', '09:25:14', 1),
(73, 1, 22, 82.2, '2021-03-20', '09:25:19', 1),
(74, 1, 21.9, 82.7, '2021-03-20', '09:25:25', 1),
(75, 1, 21.9, 83.1, '2021-03-20', '09:25:30', 1),
(76, 1, 22, 82.1, '2021-03-20', '09:25:35', 1),
(77, 1, 22, 81.5, '2021-03-20', '09:25:41', 1),
(78, 1, 22, 80.9, '2021-03-20', '09:25:46', 1),
(79, 1, 22, 80.6, '2021-03-20', '09:25:51', 1),
(80, 1, 22.1, 80.8, '2021-03-20', '09:25:57', 1),
(81, 1, 22.1, 80.2, '2021-03-20', '09:26:02', 1),
(82, 1, 22.1, 79.9, '2021-03-20', '09:26:07', 1),
(83, 1, 22.1, 80.3, '2021-03-20', '09:26:13', 1),
(84, 1, 22.1, 80.2, '2021-03-20', '09:26:18', 1),
(85, 1, 22.1, 81.1, '2021-03-20', '09:26:23', 1),
(86, 1, 22.1, 80.3, '2021-03-20', '09:26:28', 1),
(87, 1, 22.2, 80.2, '2021-03-20', '09:26:34', 1),
(88, 1, 22.2, 79.7, '2021-03-20', '09:26:39', 1),
(89, 1, 22.2, 79.7, '2021-03-20', '09:26:44', 1),
(90, 1, 22.2, 79.4, '2021-03-20', '09:26:50', 1),
(91, 1, 22.2, 79.1, '2021-03-20', '09:26:55', 1),
(92, 1, 22.2, 79, '2021-03-20', '09:27:00', 1),
(93, 1, 22.2, 78.9, '2021-03-20', '09:27:06', 1),
(94, 1, 22.2, 78.9, '2021-03-20', '09:27:11', 1),
(95, 1, 22.2, 79.6, '2021-03-20', '09:27:16', 1),
(96, 1, 22.2, 81, '2021-03-20', '09:27:22', 1),
(97, 1, 22.2, 81.5, '2021-03-20', '09:27:27', 1),
(98, 1, 22.2, 82.2, '2021-03-20', '09:27:32', 1),
(99, 1, 22.3, 81.2, '2021-03-20', '09:27:38', 1),
(100, 1, 22.3, 82.5, '2021-03-20', '09:27:43', 1),
(101, 1, 22.3, 81.6, '2021-03-20', '09:27:48', 1),
(102, 1, 22.3, 81.2, '2021-03-20', '09:27:54', 1),
(103, 1, 22.4, 78.9, '2021-03-20', '09:28:28', 1),
(104, 1, 22.4, 78.7, '2021-03-20', '09:28:33', 1),
(105, 1, 22.4, 80.2, '2021-03-20', '09:28:38', 1),
(106, 1, 22.8, 79.3, '2021-03-20', '02:48:37', 1),
(107, 1, 22.9, 80.5, '2021-03-20', '02:48:43', 1),
(108, 1, 22.9, 79.8, '2021-03-20', '02:48:48', 1),
(109, 1, 22.9, 79.6, '2021-03-20', '02:48:53', 1),
(110, 1, 22.9, 79.5, '2021-03-20', '02:48:59', 1),
(111, 1, 22.9, 80, '2021-03-20', '02:49:04', 1),
(112, 1, 22.9, 79.7, '2021-03-20', '02:49:09', 1),
(113, 1, 23, 79.2, '2021-03-20', '02:49:15', 1),
(114, 1, 23, 79, '2021-03-20', '02:49:20', 1),
(115, 1, 22.9, 79.2, '2021-03-20', '02:49:25', 1),
(116, 1, 23, 79.4, '2021-03-20', '02:49:31', 1),
(117, 1, 23, 79.7, '2021-03-20', '02:49:36', 1),
(118, 1, 23, 79.4, '2021-03-20', '02:49:41', 1),
(119, 1, 23, 79.1, '2021-03-20', '02:49:47', 1),
(120, 1, 23, 78.8, '2021-03-20', '02:49:52', 1),
(121, 1, 23, 78.3, '2021-03-20', '02:49:57', 1),
(122, 1, 23, 78.4, '2021-03-20', '02:50:03', 1),
(123, 1, 23, 78.2, '2021-03-20', '02:50:08', 1),
(124, 1, 23, 78.1, '2021-03-20', '02:50:13', 1),
(125, 1, 23.1, 78.2, '2021-03-20', '02:50:19', 1),
(126, 1, 23.1, 78.6, '2021-03-20', '02:50:24', 1),
(127, 1, 23.1, 78.7, '2021-03-20', '02:50:29', 1),
(128, 1, 23.1, 78.3, '2021-03-20', '02:50:35', 1),
(129, 3, 23.1, 78.4, '2021-03-20', '02:50:40', 1),
(130, 1, 23.1, 78.6, '2021-03-20', '02:50:45', 1),
(131, 1, 23.1, 78.9, '2021-03-20', '02:50:51', 1),
(132, 1, 23.1, 79.2, '2021-03-20', '02:50:56', 1),
(133, 1, 23.1, 78.9, '2021-03-20', '02:51:01', 1),
(134, 1, 23.1, 78.8, '2021-03-20', '02:51:07', 1),
(135, 1, 23.1, 79.2, '2021-03-20', '02:51:12', 1),
(136, 1, 23.1, 79.8, '2021-03-20', '02:51:17', 1),
(137, 1, 23.1, 79, '2021-03-20', '02:54:01', 0),
(138, 1, 22.5, 81.4, '2021-03-20', '02:54:06', 0),
(139, 1, 22.6, 81, '2021-03-20', '02:54:11', 0),
(140, 1, 22.6, 80.2, '2021-03-20', '02:54:17', 0),
(141, 1, 22.6, 80, '2021-03-20', '02:54:22', 0),
(142, 1, 22.6, 80.6, '2021-03-20', '02:54:27', 0),
(143, 1, 22.6, 81, '2021-03-20', '02:54:33', 0),
(144, 1, 22.7, 81.7, '2021-03-20', '02:54:38', 0),
(145, 2, 22.7, 81.9, '2021-03-20', '02:54:43', 0),
(146, 1, 22.7, 81.1, '2021-03-20', '02:54:49', 0),
(147, 1, 22.7, 81.7, '2021-03-20', '02:54:54', 0),
(148, 2, 22.8, 82.5, '2021-03-20', '02:54:59', 0),
(149, 1, 22.8, 81.9, '2021-03-20', '02:55:05', 0),
(150, 1, 22.8, 82.4, '2021-03-20', '02:55:10', 0),
(151, 1, 22.8, 81.3, '2021-03-20', '02:55:15', 0),
(152, 1, 22.8, 81.4, '2021-03-20', '02:55:21', 0),
(153, 1, 22.8, 80.6, '2021-03-20', '02:55:26', 0),
(154, 1, 22.8, 79.5, '2021-03-20', '02:55:31', 0),
(155, 2, 22.8, 80.1, '2021-03-20', '02:55:37', 0),
(156, 1, 22.8, 80.5, '2021-03-20', '02:55:42', 0),
(157, 1, 22.9, 81.1, '2021-03-20', '02:55:47', 0),
(158, 1, 22.9, 81.9, '2021-03-20', '02:55:53', 0),
(159, 1, 22.9, 82.6, '2021-03-20', '02:55:58', 0),
(160, 1, 22.9, 82.5, '2021-03-20', '02:56:04', 0),
(161, 1, 22.9, 80.6, '2021-03-20', '02:56:09', 0),
(162, 1, 22.9, 79.5, '2021-03-20', '02:56:14', 0),
(163, 1, 22.9, 79.5, '2021-03-20', '02:56:20', 0),
(164, 1, 22.9, 80.1, '2021-03-20', '02:56:25', 0),
(165, 1, 22.9, 79.8, '2021-03-20', '02:56:30', 0),
(166, 1, 22.9, 79, '2021-03-20', '02:56:36', 0),
(167, 1, 22.9, 78.4, '2021-03-20', '02:56:41', 0),
(168, 1, 22.9, 78.2, '2021-03-20', '02:56:46', 0),
(169, 1, 22.9, 78, '2021-03-20', '02:56:52', 0),
(170, 1, 22.8, 78, '2021-03-20', '02:56:57', 0),
(171, 1, 22.8, 78.2, '2021-03-20', '02:57:02', 0),
(172, 1, 22.8, 78.6, '2021-03-20', '02:57:08', 0),
(173, 1, 22.8, 79.3, '2021-03-20', '02:57:13', 0),
(174, 1, 22.8, 79.6, '2021-03-20', '02:57:18', 0),
(175, 1, 22.8, 79.5, '2021-03-20', '02:57:24', 0),
(176, 1, 23.1, 79.3, '2021-03-20', '03:01:02', 0),
(177, 1, 23.1, 80.2, '2021-03-20', '03:01:07', 0),
(178, 1, 23.1, 80.8, '2021-03-20', '03:01:13', 0),
(179, 1, 23.1, 80.1, '2021-03-20', '03:01:18', 0),
(180, 1, 23.1, 80.2, '2021-03-20', '03:01:23', 0),
(181, 1, 23.1, 79.6, '2021-03-20', '03:01:29', 0),
(182, 1, 23.1, 79.5, '2021-03-20', '03:01:34', 0),
(183, 1, 23.1, 78.8, '2021-03-20', '03:01:39', 0),
(184, 1, 23.1, 78.2, '2021-03-20', '03:01:45', 0),
(185, 1, 23.1, 78, '2021-03-20', '03:01:50', 0),
(186, 1, 23.1, 78, '2021-03-20', '03:01:55', 0),
(187, 1, 23.2, 77.6, '2021-03-20', '03:02:01', 0),
(188, 1, 23.1, 77.3, '2021-03-20', '03:02:06', 0),
(189, 1, 23.1, 77.3, '2021-03-20', '03:02:11', 0),
(190, 1, 23.1, 77.3, '2021-03-20', '03:02:17', 0),
(191, 1, 23, 77.3, '2021-03-20', '03:02:22', 0),
(192, 1, 23, 77.4, '2021-03-20', '03:02:27', 0),
(193, 1, 23, 77.2, '2021-03-20', '03:02:33', 0),
(194, 3, 22.9, 77.1, '2021-03-20', '03:02:38', 0),
(195, 1, 22.9, 77.2, '2021-03-20', '03:02:43', 0),
(196, 3, 22.8, 77.3, '2021-03-20', '03:02:49', 0),
(197, 1, 22.9, 77.4, '2021-03-20', '03:02:54', 0),
(198, 1, 22.8, 77.5, '2021-03-20', '03:02:59', 0),
(199, 1, 22.8, 77.9, '2021-03-20', '03:03:05', 0),
(200, 1, 22.8, 78.8, '2021-03-20', '03:03:10', 0),
(201, 1, 22.8, 78.7, '2021-03-20', '03:03:15', 0),
(202, 1, 22.8, 78.5, '2021-03-20', '03:03:21', 0),
(203, 3, 22.8, 79.4, '2021-03-20', '03:03:26', 0),
(204, 1, 22.8, 79.1, '2021-03-20', '03:03:32', 0),
(205, 1, 22.8, 79.6, '2021-03-20', '03:03:37', 0),
(206, 1, 22.8, 79.7, '2021-03-20', '03:03:42', 0),
(207, 1, 22.8, 80.2, '2021-03-20', '03:03:48', 0),
(208, 1, 23.2, 78.9, '2021-03-20', '03:08:14', 0),
(209, 1, 23.1, 79.4, '2021-03-20', '03:08:20', 0),
(210, 1, 23.2, 80.5, '2021-03-20', '03:08:25', 0),
(211, 1, 23.2, 80.2, '2021-03-20', '03:08:30', 0),
(212, 2, 22.7, 78.3, '2021-03-20', '03:16:46', 0),
(213, 1, 22.6, 82.2, '2021-03-20', '03:16:51', 0),
(214, 1, 22.6, 81.8, '2021-03-20', '03:16:56', 0),
(215, 1, 22.6, 81.8, '2021-03-20', '03:17:02', 0),
(216, 1, 22.6, 81.4, '2021-03-20', '03:17:07', 0),
(217, 1, 22.7, 81.1, '2021-03-20', '03:17:12', 0),
(218, 1, 22.7, 80.9, '2021-03-20', '03:17:18', 0),
(219, 1, 22.7, 80.9, '2021-03-20', '03:17:23', 0),
(220, 2, 22.7, 80.5, '2021-03-20', '03:17:28', 0),
(221, 1, 22.7, 80.1, '2021-03-20', '03:17:34', 0),
(222, 1, 22.8, 80.8, '2021-03-20', '03:17:39', 0),
(223, 3, 22.8, 81.3, '2021-03-20', '03:17:44', 0),
(224, 1, 22.8, 81.4, '2021-03-20', '03:18:04', 0),
(225, 1, 22.8, 81.4, '2021-03-20', '03:18:09', 0),
(226, 1, 22.8, 80.6, '2021-03-20', '03:18:14', 0),
(227, 3, 22.8, 80.8, '2021-03-20', '03:18:20', 0),
(228, 1, 22.8, 80.3, '2021-03-20', '03:18:25', 0),
(229, 1, 22.9, 79.8, '2021-03-20', '03:18:30', 0),
(230, 1, 22.9, 79.4, '2021-03-20', '03:18:36', 0),
(231, 2, 22.9, 79.7, '2021-03-20', '03:18:41', 0),
(232, 1, 22.9, 79.2, '2021-03-20', '03:18:46', 0),
(233, 1, 22.9, 79, '2021-03-20', '03:18:52', 0),
(234, 3, 23, 78.9, '2021-03-20', '03:18:57', 0),
(235, 1, 23, 79.4, '2021-03-20', '03:19:02', 0),
(236, 3, 23.1, 79.5, '2021-03-20', '03:19:08', 0),
(237, 1, 23.1, 79.1, '2021-03-20', '03:19:13', 0),
(238, 1, 23.1, 78.9, '2021-03-20', '03:19:18', 0),
(239, 1, 23.2, 78.7, '2021-03-20', '03:19:24', 0),
(240, 1, 23.1, 78.5, '2021-03-20', '03:19:29', 0),
(241, 1, 22.7, 81, '2021-03-20', '03:46:15', 0),
(242, 1, 22.6, 81.5, '2021-03-20', '03:46:21', 0),
(243, 3, 22.6, 81.7, '2021-03-20', '03:46:26', 0),
(244, 1, 22.7, 81.5, '2021-03-20', '03:46:31', 0),
(245, 1, 22.7, 81.6, '2021-03-20', '03:46:37', 0),
(246, 1, 22.7, 82.2, '2021-03-20', '03:46:42', 0),
(247, 1, 22.8, 82.3, '2021-03-20', '03:46:47', 0),
(248, 1, 22.8, 81.9, '2021-03-20', '03:46:53', 0),
(249, 1, 22.8, 81, '2021-03-20', '03:46:58', 0),
(250, 1, 22.8, 80.5, '2021-03-20', '03:47:03', 0),
(251, 1, 22.8, 80, '2021-03-20', '03:47:09', 0),
(252, 3, 22.8, 80, '2021-03-20', '03:47:14', 0),
(253, 1, 22.8, 79.9, '2021-03-20', '03:47:19', 0),
(254, 1, 22.7, 79.5, '2021-03-20', '03:47:25', 0),
(255, 1, 22.7, 79.5, '2021-03-20', '03:47:30', 0),
(256, 1, 22.7, 80.8, '2021-03-20', '03:47:35', 0),
(257, 1, 22.7, 82.4, '2021-03-20', '03:47:41', 0),
(258, 1, 22.7, 82.6, '2021-03-20', '03:47:46', 0),
(259, 1, 22.7, 82.6, '2021-03-20', '03:47:51', 0),
(260, 1, 22.7, 82, '2021-03-20', '03:47:57', 0),
(261, 1, 22.7, 81.5, '2021-03-20', '03:48:02', 0),
(262, 1, 22.8, 83, '2021-03-20', '03:48:07', 0),
(263, 1, 22.8, 82.3, '2021-03-20', '03:48:13', 0),
(264, 1, 22.8, 81.6, '2021-03-20', '03:48:18', 0),
(265, 1, 22.8, 81.6, '2021-03-20', '03:48:24', 0),
(266, 1, 22.8, 82, '2021-03-20', '03:48:29', 0),
(267, 1, 22.5, 82.6, '2021-03-20', '04:07:14', 0),
(268, 1, 22.4, 83.2, '2021-03-20', '04:07:20', 0),
(269, 1, 22.4, 81.6, '2021-03-20', '04:08:01', 0),
(270, 1, 22.4, 81.6, '2021-03-20', '04:08:06', 0),
(271, 1, 22.5, 82.6, '2021-03-20', '04:08:46', 0),
(272, 1, 22.5, 81.5, '2021-03-20', '04:08:52', 0),
(273, 1, 22.5, 81.3, '2021-03-20', '04:08:57', 0),
(274, 1, 22.5, 81.3, '2021-03-20', '04:09:02', 0),
(275, 1, 22.5, 81.2, '2021-03-20', '04:09:08', 0),
(276, 1, 22.5, 82, '2021-03-20', '04:09:13', 0),
(277, 1, 22.5, 82.3, '2021-03-20', '04:09:18', 0),
(278, 1, 22.5, 83.6, '2021-03-20', '04:09:24', 0),
(279, 1, 22.5, 83.5, '2021-03-20', '04:09:29', 0),
(280, 1, 22.5, 83.2, '2021-03-20', '04:09:34', 0),
(281, 1, 22.5, 82.5, '2021-03-20', '04:09:40', 0),
(282, 1, 22.5, 82.1, '2021-03-20', '04:09:45', 0),
(283, 1, 22.6, 82.6, '2021-03-20', '04:09:50', 0),
(284, 1, 22.6, 82.7, '2021-03-20', '04:09:56', 0),
(285, 1, 22.6, 83.2, '2021-03-20', '04:10:01', 0),
(286, 1, 22.6, 83.2, '2021-03-20', '04:10:06', 0),
(287, 1, 22.6, 83.3, '2021-03-20', '04:10:12', 0),
(288, 1, 22.6, 83.2, '2021-03-20', '04:10:17', 0),
(289, 1, 22.7, 83, '2021-03-20', '04:10:22', 0),
(290, 1, 22.7, 82.7, '2021-03-20', '04:10:28', 0),
(291, 1, 22.7, 81.8, '2021-03-20', '04:10:33', 0),
(292, 1, 22.7, 81.4, '2021-03-20', '04:10:38', 0),
(294, 2, 22.7, 79.1, '2021-03-20', '04:16:37', 1),
(295, 2, 22.7, 80, '2021-03-20', '04:16:42', 0),
(296, 2, 22.7, 81.3, '2021-03-20', '04:16:48', 0),
(297, 2, 22.7, 81, '2021-03-20', '04:16:53', 0),
(298, 2, 22.7, 81.9, '2021-03-20', '04:16:58', 1),
(299, 2, 22.7, 81.7, '2021-03-20', '04:17:04', 1),
(300, 2, 22.8, 81.8, '2021-03-20', '04:17:09', 1),
(301, 2, 22.8, 81.2, '2021-03-20', '04:17:14', 0),
(302, 2, 22.8, 81.8, '2021-03-20', '04:17:20', 0),
(303, 2, 22.8, 81.9, '2021-03-20', '04:17:25', 0),
(304, 2, 22.8, 82.5, '2021-03-20', '04:17:30', 1),
(305, 2, 22.8, 82.4, '2021-03-20', '04:17:36', 1),
(306, 2, 22.9, 82.1, '2021-03-20', '04:17:41', 1),
(307, 2, 22.9, 81.8, '2021-03-20', '04:17:46', 1),
(308, 2, 22.9, 81, '2021-03-20', '04:17:52', 1),
(309, 2, 22.9, 81.2, '2021-03-20', '04:17:57', 1),
(310, 2, 22.9, 81.3, '2021-03-20', '04:18:02', 1),
(311, 2, 22.9, 80.9, '2021-03-20', '04:18:08', 1),
(312, 2, 22.9, 81.6, '2021-03-20', '04:18:13', 1),
(313, 2, 22.9, 81.3, '2021-03-20', '04:18:18', 0),
(314, 2, 22.9, 81.1, '2021-03-20', '04:18:24', 0),
(315, 2, 22.9, 81.1, '2021-03-20', '04:18:29', 0),
(316, 2, 22.9, 80.5, '2021-03-20', '04:18:34', 0),
(317, 2, 22.9, 79.7, '2021-03-20', '04:18:40', 0),
(318, 2, 22.9, 79.4, '2021-03-20', '04:18:45', 0),
(319, 2, 22.9, 79.4, '2021-03-20', '04:18:50', 0),
(320, 2, 22.9, 79.1, '2021-03-20', '04:18:56', 0),
(321, 2, 22.9, 78.9, '2021-03-20', '04:19:01', 0),
(322, 2, 22.8, 78.9, '2021-03-20', '04:19:06', 0),
(323, 2, 22.8, 78.9, '2021-03-20', '04:19:12', 0),
(324, 2, 22.8, 78.9, '2021-03-20', '04:19:17', 0),
(325, 2, 22.8, 78.8, '2021-03-20', '04:19:23', 0),
(326, 2, 22.8, 78.9, '2021-03-20', '04:19:28', 0),
(327, 2, 22.7, 78.8, '2021-03-20', '04:19:33', 0),
(328, 2, 22.7, 78.9, '2021-03-20', '04:19:39', 0),
(329, 2, 22.7, 78.9, '2021-03-20', '04:19:44', 0),
(330, 2, 22.7, 78.9, '2021-03-20', '04:19:49', 0),
(331, 2, 22.7, 78.9, '2021-03-20', '04:19:55', 0),
(332, 2, 22.7, 78.9, '2021-03-20', '04:20:00', 0),
(333, 2, 22.7, 78.9, '2021-03-20', '04:20:05', 0),
(334, 2, 22.6, 78.8, '2021-03-20', '04:20:11', 0),
(335, 2, 22.6, 78.8, '2021-03-20', '04:20:16', 0),
(336, 2, 22.6, 78.9, '2021-03-20', '04:20:21', 0),
(337, 2, 22.6, 79.1, '2021-03-20', '04:20:27', 0),
(338, 2, 22.6, 79.3, '2021-03-20', '04:20:32', 0),
(339, 2, 22.6, 80.2, '2021-03-20', '04:20:37', 0),
(340, 2, 22.6, 80.1, '2021-03-20', '04:20:43', 0),
(341, 2, 24, 77, '2021-03-25', '02:22:27', 0),
(344, 2, 24, 76.9, '2021-03-25', '02:22:43', 0),
(351, 2, 24.1, 77.7, '2021-03-25', '02:23:21', 0),
(352, 2, 24.2, 84.8, '2021-03-25', '02:23:26', 0),
(353, 2, 24.3, 82, '2021-03-25', '02:23:31', 0),
(354, 2, 24.4, 79.2, '2021-03-25', '02:23:36', 0),
(355, 2, 24.4, 78, '2021-03-25', '02:23:42', 0),
(356, 2, 24.4, 77.9, '2021-03-25', '02:23:47', 0),
(357, 2, 24.4, 77.5, '2021-03-25', '02:23:52', 0),
(358, 2, 24.4, 77.3, '2021-03-25', '02:23:58', 0),
(359, 2, 24.4, 77.7, '2021-03-25', '02:24:03', 0),
(360, 2, 24.4, 78.1, '2021-03-25', '02:24:08', 0),
(361, 2, 24.4, 77.7, '2021-03-25', '02:24:14', 0),
(362, 2, 24.4, 77.6, '2021-03-25', '02:24:19', 0),
(363, 2, 24.4, 76.8, '2021-03-25', '02:24:24', 0),
(396, 2, 24.4, 79.7, '2021-03-25', '02:27:21', 0),
(397, 2, 24.4, 80.4, '2021-03-25', '02:27:26', 0),
(398, 2, 24.5, 77.7, '2021-03-25', '02:27:32', 0),
(402, 2, 24.5, 78.5, '2021-03-25', '02:27:53', 0),
(403, 2, 24.6, 82.7, '2021-03-25', '02:27:58', 0),
(404, 2, 24.7, 81.7, '2021-03-25', '02:28:04', 0),
(405, 2, 24.9, 86.4, '2021-03-25', '02:28:09', 0),
(406, 2, 25.1, 88.5, '2021-03-25', '02:28:14', 0),
(420, 3, 24.5, 84.3, '2021-03-25', '02:35:51', 0),
(421, 3, 24.9, 87.3, '2021-03-25', '02:35:56', 0),
(430, 3, 26.4, 87.3, '2021-03-25', '02:36:44', 0),
(431, 3, 26.6, 85.7, '2021-03-25', '02:36:49', 0),
(432, 3, 26.6, 80.1, '2021-03-25', '02:36:55', 0),
(514, 3, 24.9, 84.2, '2021-03-25', '03:01:01', 0),
(544, 1, 25.2, 82.4, '2021-03-25', '03:07:50', 0),
(545, 1, 25.3, 76.8, '2021-03-25', '03:07:56', 0),
(559, 1, 25.3, 77.6, '2021-03-25', '03:09:17', 1),
(575, 2, 22.7, 77.1, '2021-03-25', '03:10:34', 0),
(577, 2, 22.7, 77.2, '2021-03-25', '03:10:40', 0),
(578, 1, 25.3, 78.6, '2021-03-25', '03:10:45', 1),
(579, 2, 22.7, 77.4, '2021-03-25', '03:10:45', 0),
(580, 1, 25.3, 82.4, '2021-03-25', '03:10:51', 1),
(581, 2, 22.8, 79.6, '2021-03-25', '03:10:51', 0),
(582, 1, 25.3, 83.3, '2021-03-25', '03:10:57', 1),
(583, 2, 23.2, 84, '2021-03-25', '03:10:57', 0),
(584, 1, 25.4, 82.4, '2021-03-25', '03:11:03', 1),
(585, 2, 23.7, 86.5, '2021-03-25', '03:11:03', 0),
(586, 1, 25.4, 81.9, '2021-03-25', '03:11:08', 1),
(587, 2, 24.3, 87.7, '2021-03-25', '03:11:09', 0),
(588, 1, 25.5, 79.7, '2021-03-25', '03:11:14', 0),
(589, 2, 24.7, 88.1, '2021-03-25', '03:11:15', 0),
(590, 1, 25.5, 79.8, '2021-03-25', '03:11:20', 0),
(591, 2, 25.1, 88.1, '2021-03-25', '03:11:20', 0),
(592, 1, 25.6, 80, '2021-03-25', '03:11:26', 0),
(593, 2, 25.4, 87.6, '2021-03-25', '03:11:26', 0),
(594, 1, 25.6, 78.8, '2021-03-25', '03:11:32', 0),
(595, 2, 25.6, 86.7, '2021-03-25', '03:11:32', 0),
(596, 1, 25.7, 79.7, '2021-03-25', '03:11:38', 0),
(597, 2, 25.9, 85.9, '2021-03-25', '03:11:38', 0),
(598, 1, 25.7, 79.7, '2021-03-25', '03:11:43', 0),
(599, 2, 26.1, 84.4, '2021-03-25', '03:11:44', 0),
(600, 1, 25.7, 79.4, '2021-03-25', '03:11:49', 0),
(601, 2, 26.3, 82.8, '2021-03-25', '03:11:50', 0),
(602, 1, 25.8, 79.4, '2021-03-25', '03:11:55', 0),
(603, 2, 26.5, 81.3, '2021-03-25', '03:11:56', 0),
(604, 1, 25.9, 79.6, '2021-03-25', '03:12:01', 0),
(605, 2, 26.6, 80.4, '2021-03-25', '03:12:01', 0),
(606, 1, 25.9, 78.4, '2021-03-25', '03:12:07', 0),
(607, 2, 26.8, 79.6, '2021-03-25', '03:12:07', 0),
(608, 1, 26, 77.3, '2021-03-25', '03:12:13', 0),
(609, 2, 26.9, 78.6, '2021-03-25', '03:12:13', 0),
(610, 1, 26, 78.2, '2021-03-25', '03:12:19', 0),
(611, 2, 27, 77.7, '2021-03-25', '03:12:19', 0),
(612, 1, 26, 79.5, '2021-03-25', '03:12:24', 0),
(613, 2, 27.2, 76.9, '2021-03-25', '03:12:25', 0),
(614, 1, 26, 79.7, '2021-03-25', '03:12:30', 0),
(616, 1, 26, 78.9, '2021-03-25', '03:12:36', 0),
(624, 1, 26, 77.3, '2021-03-25', '03:12:59', 0),
(627, 1, 26, 79, '2021-03-25', '03:13:06', 1),
(629, 1, 26.1, 81.8, '2021-03-25', '03:13:13', 1),
(631, 1, 26.1, 80.3, '2021-03-25', '03:13:19', 1),
(632, 1, 26.1, 81.9, '2021-03-25', '03:13:24', 1),
(634, 1, 26.1, 81.5, '2021-03-25', '03:13:30', 1),
(635, 1, 26.2, 81.3, '2021-03-25', '03:13:36', 1),
(636, 1, 26.2, 80.5, '2021-03-25', '03:13:42', 0),
(637, 1, 26.2, 80.6, '2021-03-25', '03:13:49', 0),
(639, 1, 26.2, 80.8, '2021-03-25', '03:13:54', 0),
(641, 1, 26.3, 80.5, '2021-03-25', '03:14:00', 0),
(643, 1, 26.3, 79.5, '2021-03-25', '03:14:06', 0),
(645, 1, 26.3, 79.1, '2021-03-25', '03:14:12', 0),
(647, 1, 26.3, 79, '2021-03-25', '03:14:18', 0),
(649, 1, 26.3, 79.3, '2021-03-25', '03:14:24', 0),
(651, 1, 26.3, 81.4, '2021-03-25', '03:14:30', 0),
(653, 1, 26.4, 77.2, '2021-03-25', '03:14:35', 0),
(664, 1, 26.3, 80.4, '2021-03-25', '03:15:10', 0),
(666, 1, 26.3, 85.1, '2021-03-25', '03:15:16', 0),
(668, 1, 26.2, 85.9, '2021-03-25', '03:15:22', 0),
(670, 1, 26.2, 78.2, '2021-03-25', '03:15:28', 0),
(672, 1, 26.1, 78.3, '2021-03-25', '03:15:34', 0),
(718, 3, 26.8, 67.7, '2021-03-25', '03:19:33', 1),
(719, 3, 26.7, 68.4, '2021-03-25', '03:19:38', 1),
(720, 3, 26.7, 68.8, '2021-03-25', '03:19:44', 1),
(721, 3, 26.7, 70.1, '2021-03-25', '03:19:50', 1),
(722, 3, 26.7, 69.3, '2021-03-25', '03:19:56', 1),
(723, 3, 26.7, 70.1, '2021-03-25', '03:20:02', 1),
(724, 3, 26.7, 71, '2021-03-25', '03:20:08', 1),
(725, 3, 26.7, 70.7, '2021-03-25', '03:20:13', 1),
(726, 3, 26.7, 70.2, '2021-03-25', '03:20:19', 1),
(727, 3, 26.7, 70.5, '2021-03-25', '03:20:25', 1),
(728, 3, 26.7, 69.5, '2021-03-25', '03:20:31', 1),
(729, 3, 26.7, 69.4, '2021-03-25', '03:20:37', 1),
(730, 3, 26.7, 69.2, '2021-03-25', '03:20:43', 1),
(731, 3, 26.7, 68.7, '2021-03-25', '03:20:48', 1),
(732, 3, 26.7, 69.4, '2021-03-25', '03:20:54', 1),
(733, 3, 26.7, 70.2, '2021-03-25', '03:21:00', 1),
(734, 3, 26.7, 69.2, '2021-03-25', '03:21:06', 1),
(735, 3, 26.7, 69.5, '2021-03-25', '03:21:12', 1),
(736, 3, 26.7, 70.1, '2021-03-25', '03:21:17', 1),
(737, 3, 26.7, 70.4, '2021-03-25', '03:21:23', 1),
(738, 3, 26.7, 70.7, '2021-03-25', '03:21:29', 1),
(739, 3, 26.7, 69.8, '2021-03-25', '03:21:35', 1),
(740, 3, 26.6, 68.8, '2021-03-25', '03:21:41', 1),
(741, 3, 26.7, 69.8, '2021-03-25', '03:21:47', 1),
(742, 3, 26.7, 70.4, '2021-03-25', '03:21:53', 1),
(743, 3, 26.7, 70.7, '2021-03-25', '03:21:58', 1),
(744, 3, 26.7, 69.5, '2021-03-25', '03:22:04', 1),
(745, 3, 26.7, 69.3, '2021-03-25', '03:22:10', 1),
(746, 3, 26.7, 69.1, '2021-03-25', '03:22:16', 1),
(747, 3, 26.6, 69.1, '2021-03-25', '03:22:22', 1),
(748, 3, 26.6, 69.3, '2021-03-25', '03:22:28', 1),
(749, 3, 26.7, 70.9, '2021-03-25', '03:22:33', 1),
(750, 3, 26.7, 69.3, '2021-03-25', '03:22:39', 1),
(751, 3, 26.7, 69.5, '2021-03-25', '03:22:45', 1),
(752, 3, 26.7, 70.2, '2021-03-25', '03:22:51', 1),
(753, 3, 26.7, 71.1, '2021-03-25', '03:22:57', 1),
(754, 3, 26.7, 70.9, '2021-03-25', '03:23:03', 1),
(755, 3, 26.7, 70.2, '2021-03-25', '03:23:08', 1),
(756, 3, 26.7, 70.6, '2021-03-25', '03:23:14', 1),
(757, 3, 26.7, 70.6, '2021-03-25', '03:23:20', 1),
(758, 3, 26.7, 70, '2021-03-25', '03:23:26', 1),
(759, 3, 26.7, 69.6, '2021-03-25', '03:23:32', 1),
(760, 3, 26.7, 69.4, '2021-03-25', '03:23:38', 1),
(761, 3, 26.7, 70.5, '2021-03-25', '03:23:43', 1),
(762, 3, 26.7, 71.5, '2021-03-25', '03:23:49', 1),
(773, 1, 27.4, 87.5, '2021-03-25', '03:31:33', 0),
(774, 1, 27.6, 86.8, '2021-03-25', '03:31:39', 0),
(778, 1, 28.2, 87.8, '2021-03-25', '03:32:02', 0),
(779, 1, 28.4, 85.6, '2021-03-25', '03:32:08', 0),
(780, 1, 28.4, 86.5, '2021-03-25', '03:32:14', 0),
(781, 1, 28.5, 86.1, '2021-03-25', '03:32:20', 0),
(782, 1, 28.6, 85.5, '2021-03-25', '03:32:26', 0),
(783, 1, 28.7, 85.3, '2021-03-25', '03:32:31', 0),
(784, 1, 28.7, 84.2, '2021-03-25', '03:32:37', 0),
(785, 1, 28.8, 84.1, '2021-03-25', '03:32:43', 0),
(786, 1, 28.9, 83.6, '2021-03-25', '03:32:49', 0),
(787, 1, 28.9, 82.9, '2021-03-25', '03:32:55', 0),
(788, 1, 29, 83.2, '2021-03-25', '03:33:01', 0),
(789, 1, 29.1, 82, '2021-03-25', '03:33:06', 0),
(797, 1, 28.4, 63.9, '2021-03-25', '03:33:55', 0),
(800, 2, 22.8, 78.8, '2021-03-25', '03:34:32', 0),
(801, 2, 22.8, 78.9, '2021-03-25', '03:34:38', 0),
(802, 2, 22.8, 79.1, '2021-03-25', '03:34:44', 0),
(803, 2, 22.8, 79.2, '2021-03-25', '03:34:50', 0),
(804, 2, 22.8, 79.3, '2021-03-25', '03:34:56', 0),
(805, 2, 22.9, 79.4, '2021-03-25', '03:35:02', 0),
(806, 2, 22.8, 79.5, '2021-03-25', '03:35:08', 0),
(807, 2, 22.8, 79.6, '2021-03-25', '03:35:14', 0),
(808, 2, 22.8, 79.6, '2021-03-25', '03:35:19', 0),
(809, 2, 22.1, 79.2, '2021-03-25', '03:35:25', 0),
(810, 3, 26.9, 68.4, '2021-03-25', '03:35:31', 1),
(811, 2, 22.9, 79.6, '2021-03-25', '03:35:31', 0),
(812, 3, 26.9, 68.5, '2021-03-25', '03:35:36', 1),
(813, 2, 22.9, 79.6, '2021-03-25', '03:35:37', 0),
(814, 3, 26.9, 68.5, '2021-03-25', '03:35:42', 1),
(815, 3, 26.9, 69.1, '2021-03-25', '03:35:48', 1),
(816, 3, 26.9, 68.7, '2021-03-25', '03:35:54', 1),
(817, 3, 26.9, 69.6, '2021-03-25', '03:36:00', 1),
(818, 3, 26.9, 69.1, '2021-03-25', '03:36:22', 1),
(819, 3, 26.9, 68.4, '2021-03-25', '03:36:27', 1),
(820, 3, 21.7, 74.3, '2021-03-26', '08:45:58', 1),
(821, 3, 21.7, 74.3, '2021-03-26', '08:46:04', 1),
(822, 3, 21.7, 74.3, '2021-03-26', '08:46:10', 1),
(823, 3, 21.8, 74.3, '2021-03-26', '08:46:16', 1),
(824, 3, 21.8, 73.8, '2021-03-26', '08:46:22', 1),
(825, 2, 20.1, 80.5, '2021-03-26', '08:50:20', 0),
(826, 2, 21.1, 81.8, '2021-03-26', '08:50:26', 0),
(827, 2, 21, 81.7, '2021-03-26', '08:50:32', 0),
(828, 2, 21, 81.7, '2021-03-26', '08:50:38', 0),
(829, 2, 21, 81.7, '2021-03-26', '08:50:44', 0),
(830, 2, 21, 81.7, '2021-03-26', '08:50:50', 0),
(831, 2, 21, 81.7, '2021-03-26', '08:50:55', 0),
(832, 2, 21, 81.6, '2021-03-26', '08:51:01', 0),
(833, 2, 21, 81.6, '2021-03-26', '08:51:07', 0),
(834, 2, 21, 81.6, '2021-03-26', '08:51:13', 0),
(835, 2, 21.1, 81.7, '2021-03-26', '08:51:19', 0),
(836, 2, 21.1, 81.8, '2021-03-26', '08:51:25', 0),
(837, 2, 21.1, 81.8, '2021-03-26', '08:51:31', 0),
(838, 2, 21, 81.7, '2021-03-26', '08:51:37', 0),
(839, 2, 21.1, 81.7, '2021-03-26', '08:51:42', 0),
(840, 2, 21.1, 81.6, '2021-03-26', '08:51:48', 0),
(841, 2, 21, 81.6, '2021-03-26', '08:51:57', 0),
(842, 2, 21, 81.5, '2021-03-26', '08:52:03', 0),
(843, 2, 21.1, 81.6, '2021-03-26', '08:52:09', 0),
(844, 2, 21.1, 81.5, '2021-03-26', '08:52:15', 0),
(845, 2, 21.1, 81.5, '2021-03-26', '08:52:20', 0),
(846, 1, 21.8, 86.5, '2021-03-26', '08:52:23', 0),
(847, 2, 21.1, 81.4, '2021-03-26', '08:52:26', 0),
(848, 1, 21.7, 86.3, '2021-03-26', '08:52:29', 0),
(849, 2, 21.1, 81.4, '2021-03-26', '08:52:32', 0),
(850, 1, 21.7, 85.8, '2021-03-26', '08:52:35', 0),
(851, 2, 21, 81.3, '2021-03-26', '08:52:38', 0),
(852, 1, 21.7, 86.3, '2021-03-26', '08:52:40', 0),
(853, 2, 21.1, 81.4, '2021-03-26', '08:52:44', 0),
(854, 1, 21.8, 85.3, '2021-03-26', '08:52:46', 0),
(855, 2, 21.1, 81.4, '2021-03-26', '08:52:50', 0),
(856, 1, 21.8, 86, '2021-03-26', '08:52:52', 0),
(857, 2, 21.1, 81.4, '2021-03-26', '08:52:56', 0),
(858, 1, 21.8, 86.2, '2021-03-26', '08:52:58', 0),
(859, 2, 21.1, 81.4, '2021-03-26', '08:53:01', 0),
(860, 1, 21.8, 86, '2021-03-26', '08:53:04', 0),
(861, 2, 21.1, 81.3, '2021-03-26', '08:53:07', 0),
(862, 1, 21.8, 85.3, '2021-03-26', '08:53:10', 0),
(863, 2, 21.1, 81.3, '2021-03-26', '08:53:13', 0),
(864, 1, 21.9, 84.1, '2021-03-26', '08:53:15', 0),
(865, 2, 21.1, 81.3, '2021-03-26', '08:53:19', 0),
(866, 1, 21.9, 83.2, '2021-03-26', '08:53:21', 0),
(867, 2, 21.1, 81.2, '2021-03-26', '08:53:25', 0),
(868, 1, 21.9, 83.3, '2021-03-26', '08:53:27', 0),
(869, 2, 21.1, 81.2, '2021-03-26', '08:53:31', 0),
(870, 2, 21.1, 81.2, '2021-03-26', '08:53:36', 0),
(871, 2, 21.1, 81.2, '2021-03-26', '08:53:42', 0),
(872, 2, 21.1, 81.2, '2021-03-26', '08:53:48', 0),
(873, 2, 21.1, 81.3, '2021-03-26', '08:53:54', 0),
(874, 2, 21.1, 81.3, '2021-03-26', '08:54:00', 0),
(875, 2, 21.1, 81.3, '2021-03-26', '08:54:06', 0),
(876, 3, 22.2, 73.8, '2021-03-26', '08:55:21', 1),
(877, 3, 22.2, 73.8, '2021-03-26', '08:55:31', 1),
(878, 3, 22.2, 74.4, '2021-03-26', '08:55:36', 1),
(879, 3, 22.3, 73.5, '2021-03-26', '08:55:48', 1),
(880, 1, 22.1, 80.9, '2021-03-26', '08:55:50', 0),
(881, 3, 22.3, 73.3, '2021-03-26', '08:55:54', 1),
(882, 1, 22.1, 81.6, '2021-03-26', '08:55:55', 0),
(883, 1, 22.1, 81.3, '2021-03-26', '08:56:01', 0),
(884, 1, 22.1, 82, '2021-03-26', '08:56:07', 0),
(885, 1, 22.1, 82.9, '2021-03-26', '08:56:13', 0),
(886, 1, 22.1, 81.9, '2021-03-26', '08:56:19', 0),
(887, 1, 22.2, 81.4, '2021-03-26', '08:56:25', 0),
(888, 1, 22.2, 81.1, '2021-03-26', '08:56:30', 0),
(889, 1, 22.2, 80.8, '2021-03-26', '08:56:36', 0),
(890, 1, 22.2, 80.6, '2021-03-26', '08:56:42', 0),
(891, 1, 22.2, 80.5, '2021-03-26', '08:56:48', 0),
(892, 1, 22.2, 80.4, '2021-03-26', '08:56:54', 0),
(893, 2, 19.6, 79.2, '2021-03-26', '09:00:02', 0),
(894, 3, 22.3, 73.2, '2021-03-26', '09:00:05', 1),
(895, 3, 22.3, 73.3, '2021-03-26', '09:00:06', 1),
(896, 1, 22.4, 79.7, '2021-03-26', '09:00:07', 0),
(897, 2, 21.5, 81, '2021-03-26', '09:00:07', 0),
(898, 3, 22.4, 73.8, '2021-03-26', '09:00:11', 1),
(899, 1, 22.4, 79.8, '2021-03-26', '09:00:13', 0),
(900, 2, 21.5, 80.8, '2021-03-26', '09:00:13', 0),
(901, 1, 22.4, 79.1, '2021-03-26', '09:00:16', 0),
(902, 3, 22.3, 72.7, '2021-03-26', '09:00:17', 1),
(903, 1, 22.4, 79.8, '2021-03-26', '09:00:18', 0),
(904, 2, 21.4, 80.4, '2021-03-26', '09:00:20', 0),
(905, 1, 22.4, 79.7, '2021-03-26', '09:00:24', 0),
(906, 2, 21.6, 80.5, '2021-03-26', '09:00:25', 0),
(907, 3, 22.3, 73.7, '2021-03-26', '09:00:26', 1),
(908, 1, 22.4, 79.6, '2021-03-26', '09:00:30', 0),
(909, 2, 21.5, 80.4, '2021-03-26', '09:00:31', 0),
(910, 3, 22.3, 75.1, '2021-03-26', '09:00:34', 1),
(911, 1, 22.4, 79.6, '2021-03-26', '09:00:36', 0),
(912, 2, 21.5, 80.3, '2021-03-26', '09:00:37', 0),
(913, 3, 22.3, 77.4, '2021-03-26', '09:00:40', 1),
(914, 1, 22.4, 79.7, '2021-03-26', '09:00:42', 0),
(915, 2, 21.3, 80.1, '2021-03-26', '09:00:43', 0),
(916, 3, 22.3, 79, '2021-03-26', '09:00:46', 1),
(917, 1, 22.4, 79.4, '2021-03-26', '09:00:48', 0),
(918, 2, 21.5, 80.6, '2021-03-26', '09:00:49', 0),
(919, 3, 22.3, 79.1, '2021-03-26', '09:00:52', 1),
(920, 1, 22.4, 79.3, '2021-03-26', '09:00:53', 0),
(921, 2, 21.6, 80.7, '2021-03-26', '09:00:55', 0),
(922, 3, 22.3, 76.2, '2021-03-26', '09:00:58', 1),
(923, 1, 22.4, 79.2, '2021-03-26', '09:00:59', 0),
(924, 2, 21.6, 81.2, '2021-03-26', '09:01:01', 0),
(925, 3, 22.3, 74.4, '2021-03-26', '09:01:04', 1),
(926, 1, 22.4, 79.2, '2021-03-26', '09:01:05', 0),
(927, 2, 21.6, 81, '2021-03-26', '09:01:08', 0),
(928, 2, 21.7, 81.4, '2021-03-26', '09:01:15', 0),
(929, 1, 0, 0, '2021-03-26', '09:25:49', 0),
(930, 2, 0, 0, '2021-03-26', '09:25:49', 0),
(931, 3, 22.3, 73.3, '2021-03-26', '09:25:50', 1),
(932, 1, 23.9, 76.9, '2021-03-26', '09:25:55', 0),
(933, 2, 0, 0, '2021-03-26', '09:25:55', 0),
(934, 3, 22.3, 73.4, '2021-03-26', '09:25:55', 1),
(935, 1, 24, 77.2, '2021-03-26', '09:26:00', 0),
(936, 2, 0, 0, '2021-03-26', '09:26:01', 0),
(937, 3, 22.3, 73, '2021-03-26', '09:26:04', 1),
(938, 1, 24, 77.2, '2021-03-26', '09:26:06', 0),
(939, 2, 0, 0, '2021-03-26', '09:26:07', 0),
(940, 1, 24, 77.7, '2021-03-26', '09:26:12', 0),
(941, 3, 22.3, 73.3, '2021-03-26', '09:26:12', 1),
(942, 2, 0, 0, '2021-03-26', '09:26:16', 0),
(943, 1, 24, 76.9, '2021-03-26', '09:26:18', 0),
(944, 3, 22.3, 73.1, '2021-03-26', '09:26:21', 1),
(945, 1, 0, 0, '2021-03-26', '09:26:24', 0),
(946, 2, 23.3, 77.2, '2021-03-26', '09:26:25', 0),
(947, 3, 22.3, 72.9, '2021-03-26', '09:26:29', 1),
(948, 1, 0, 0, '2021-03-26', '09:26:30', 0),
(949, 2, 23.3, 77.2, '2021-03-26', '09:26:30', 0),
(950, 3, 22.4, 73.9, '2021-03-26', '09:26:35', 1),
(951, 1, 24.1, 76.8, '2021-03-26', '09:26:35', 0),
(952, 2, 0, 0, '2021-03-26', '09:26:36', 0),
(953, 1, 0, 0, '2021-03-26', '09:26:41', 0),
(954, 3, 22.4, 73.8, '2021-03-26', '09:26:43', 1),
(955, 1, 24.1, 86.3, '2021-03-26', '09:26:47', 0),
(956, 2, 0, 0, '2021-03-26', '09:26:51', 0),
(957, 3, 22.4, 73.7, '2021-03-26', '09:26:52', 1),
(958, 1, 0, 0, '2021-03-26', '09:26:53', 0),
(959, 2, 0, 0, '2021-03-26', '09:26:57', 0),
(960, 1, 0, 0, '2021-03-26', '09:26:59', 0),
(961, 2, 0, 0, '2021-03-26', '09:27:03', 0),
(962, 1, 0, 0, '2021-03-26', '09:27:05', 0),
(963, 2, 0, 0, '2021-03-26', '09:27:08', 0),
(964, 1, 0, 0, '2021-03-26', '09:27:10', 0),
(965, 1, 0, 0, '2021-03-26', '09:27:16', 0),
(966, 1, 0, 0, '2021-03-26', '09:27:22', 0),
(967, 1, 0, 0, '2021-03-26', '09:27:28', 0),
(968, 1, 0, 0, '2021-03-26', '09:27:34', 0),
(969, 1, 0, 0, '2021-03-26', '09:27:40', 0),
(970, 1, 0, 0, '2021-03-26', '09:27:45', 0),
(971, 3, 22.5, 71, '2021-03-26', '09:27:46', 1),
(972, 3, 22.5, 70.9, '2021-03-26', '09:27:54', 1),
(973, 1, 25.1, 86.9, '2021-03-26', '09:27:56', 0),
(974, 1, 25.1, 86.1, '2021-03-26', '09:28:02', 0),
(975, 3, 22.6, 71.2, '2021-03-26', '09:28:02', 1),
(976, 1, 0, 0, '2021-03-26', '09:28:08', 0),
(977, 2, 0, 0, '2021-03-26', '09:28:09', 0),
(978, 3, 22.6, 70.7, '2021-03-26', '09:28:11', 1),
(979, 1, 0, 0, '2021-03-26', '09:28:14', 0),
(980, 2, 22.4, 76.8, '2021-03-26', '09:28:15', 0),
(981, 3, 22.6, 71.4, '2021-03-26', '09:28:19', 1),
(982, 1, 0, 0, '2021-03-26', '09:28:19', 0),
(983, 2, 0, 0, '2021-03-26', '09:28:21', 0),
(984, 1, 0, 0, '2021-03-26', '09:28:25', 0),
(985, 2, 22.4, 77, '2021-03-26', '09:28:27', 0),
(986, 3, 22.6, 71.7, '2021-03-26', '09:28:28', 1),
(987, 1, 0, 0, '2021-03-26', '09:28:31', 0),
(988, 2, 22.4, 76.8, '2021-03-26', '09:28:32', 0),
(989, 3, 22.6, 70.9, '2021-03-26', '09:28:36', 1),
(990, 1, 0, 0, '2021-03-26', '09:28:37', 0),
(991, 2, 22.5, 77.5, '2021-03-26', '09:28:38', 0),
(992, 1, 0, 0, '2021-03-26', '09:28:43', 0),
(993, 2, 22.5, 77.5, '2021-03-26', '09:28:44', 0),
(994, 3, 22.6, 71.6, '2021-03-26', '09:28:45', 1);

-- --------------------------------------------------------

--
-- Table structure for table `datos_ponderados`
--

CREATE TABLE `datos_ponderados` (
  `id` int(11) NOT NULL,
  `enfermedad` varchar(30) NOT NULL,
  `prob_temp` int(11) NOT NULL,
  `prob_hum` int(11) NOT NULL,
  `prob_lluvia` int(11) NOT NULL
) ENGINE=InnoDB DEFAULT CHARSET=utf8mb4;

--
-- Dumping data for table `datos_ponderados`
--

INSERT INTO `datos_ponderados` (`id`, `enfermedad`, `prob_temp`, `prob_hum`, `prob_lluvia`) VALUES
(1, 'fiebre_amarilla', 2, 98, 0),
(2, 'dengue', 15, 34, 51);

-- --------------------------------------------------------

--
-- Table structure for table `datos_ubicaciones`
--

CREATE TABLE `datos_ubicaciones` (
  `id` int(11) NOT NULL,
  `latitud` varchar(200) NOT NULL,
  `longitud` varchar(200) NOT NULL,
  `id_tarj` varchar(10) NOT NULL,
  `fecha` date NOT NULL,
  `hora` varchar(12) NOT NULL,
  `altitud` float NOT NULL,
  `velocidad` float NOT NULL
) ENGINE=InnoDB DEFAULT CHARSET=latin1;

--
-- Dumping data for table `datos_ubicaciones`
--

INSERT INTO `datos_ubicaciones` (`id`, `latitud`, `longitud`, `id_tarj`, `fecha`, `hora`, `altitud`, `velocidad`) VALUES
(1, '2.44800', '-76.61000', '1', '2019-03-31', '12:54:05', 1862, 0.06),
(2, '2.44600', '-76.60900', '1', '2019-03-31', '12:54:14', 1862.6, 0.06),
(3, '2.44300', '-76.61200', '1', '2019-03-31', '12:54:24', 1863.1, 0.06),
(4, '2.45000', '-76.61000', '1', '2019-03-31', '12:54:33', 1863.1, 0.06),
(5, '2.44100', '-76.60000', '1', '2019-03-31', '12:54:43', 1863.1, 0.24),
(6, '2.44150', '-76.60000', '1', '2019-03-31', '12:54:52', 1865.9, 0.24),
(7, '2.44102', '-76.62000', '1', '2019-03-31', '12:55:02', 1865.9, 0.24),
(8, '2.44308', '-76.61200', '1', '2019-03-31', '12:55:12', 1864.9, 0.22),
(9, '2.44000', '-76.61100', '1', '2019-03-31', '12:55:21', 1864.9, 0.22),
(10, '2.44120', '-76.61200', '1', '2019-03-31', '12:55:30', 1864.9, 0.22),
(11, '2.47992', '-76.58530', '1', '2021-04-19', '23:33:09', 1822.2, 0.94),
(12, '2.47992', '-76.58530', '1', '2021-04-19', '23:33:15', 1822.2, 0.94),
(13, '2.47993', '-76.58530', '1', '2021-04-19', '23:33:22', 1822.2, 0.7),
(14, '2.47992', '-76.58529', '1', '2021-04-19', '23:33:28', 1824.9, 0.56),
(15, '2.47992', '-76.58529', '1', '2021-04-19', '23:33:34', 1824.9, 0.56),
(16, '2.47992', '-76.58529', '1', '2021-04-19', '23:33:41', 1824.9, 0.56),
(17, '2.47991', '-76.58529', '1', '2021-04-19', '23:33:47', 1824.9, 0.52),
(18, '2.47991', '-76.58530', '1', '2021-04-19', '23:33:53', 1821.5, 0.78),
(19, '2.47991', '-76.58530', '1', '2021-04-19', '23:33:59', 1821.5, 0.78),
(20, '2.47991', '-76.58530', '1', '2021-04-19', '23:34:05', 1821.5, 0.78),
(21, '2.47991', '-76.58530', '1', '2021-04-19', '23:34:12', 1821.5, 0.78),
(22, '2.47992', '-76.58531', '1', '2021-04-19', '23:34:18', 1826.1, 0.46),
(23, '2.47992', '-76.58531', '1', '2021-04-19', '23:34:28', 1826.6, 0.52),
(24, '2.47991', '-76.58530', '1', '2021-04-19', '23:34:34', 1827.3, 0.52),
(25, '2.47991', '-76.58530', '1', '2021-04-19', '23:34:40', 1827.3, 0.52),
(26, '2.47991', '-76.58531', '1', '2021-04-19', '23:34:47', 1827.3, 0.09),
(27, '2.47991', '-76.58531', '1', '2021-04-19', '23:34:53', 1829.4, 0.13),
(28, '2.47991', '-76.58532', '1', '2021-04-19', '23:34:59', 1828.4, 0.13),
(29, '2.47991', '-76.58532', '1', '2021-04-19', '23:35:05', 1828.4, 0.13),
(30, '2.47991', '-76.58532', '1', '2021-04-19', '23:35:11', 1828.4, 0.13),
(31, '2.47991', '-76.58532', '1', '2021-04-19', '23:35:17', 1828.4, 0.13),
(32, '2.47991', '-76.58532', '1', '2021-04-19', '23:35:24', 1828.4, 0.13),
(33, '2.47990', '-76.58529', '1', '2021-04-19', '23:35:30', 1830.2, 0.3),
(34, '2.47990', '-76.58530', '1', '2021-04-19', '23:35:36', 1831.4, 0.11),
(35, '2.47990', '-76.58530', '1', '2021-04-19', '23:35:45', 1831.4, 0.11),
(36, '2.47990', '-76.58531', '1', '2021-04-19', '23:35:51', 1832.4, 0.24),
(37, '2.47990', '-76.58531', '1', '2021-04-19', '23:36:02', 1832.4, 0.24),
(38, '2.47990', '-76.58531', '1', '2021-04-19', '23:36:06', 1832.4, 0.24),
(39, '2.47990', '-76.58531', '1', '2021-04-19', '23:36:12', 1832.4, 0.24),
(40, '2.47990', '-76.58531', '1', '2021-04-19', '23:36:19', 1832.4, 0.24),
(41, '2.47990', '-76.58531', '1', '2021-04-19', '23:36:25', 1830.7, 0.54),
(42, '2.47990', '-76.58532', '1', '2021-04-19', '23:36:31', 1828.9, 0.5),
(43, '2.47990', '-76.58532', '1', '2021-04-19', '23:36:37', 1828, 0.24),
(44, '2.47990', '-76.58532', '1', '2021-04-19', '23:36:43', 1828, 0.24),
(45, '2.47990', '-76.58532', '1', '2021-04-19', '23:36:49', 1828, 0.24),
(46, '2.47991', '-76.58530', '1', '2021-04-19', '23:36:56', 1828, 1.8),
(47, '2.47992', '-76.58531', '1', '2021-04-19', '23:37:08', 1825.8, 0.59),
(48, '2.47992', '-76.58531', '1', '2021-04-19', '23:37:16', 1825.8, 0.59),
(49, '2.47993', '-76.58534', '1', '2021-04-19', '23:37:23', 1825.8, 0.61),
(50, '2.47993', '-76.58533', '1', '2021-04-19', '23:37:29', 1824, 0.43),
(51, '2.47993', '-76.58533', '1', '2021-04-19', '23:37:35', 1824, 0.43),
(52, '2.47993', '-76.58533', '1', '2021-04-19', '23:37:41', 1824, 0.43),
(53, '2.47993', '-76.58533', '1', '2021-04-19', '23:37:48', 1824, 0.43),
(54, '2.47994', '-76.58534', '1', '2021-04-19', '23:38:00', 1820.7, 0.37),
(55, '2.47994', '-76.58534', '1', '2021-04-19', '23:38:03', 1820.7, 0.37),
(56, '2.47988', '-76.58536', '1', '2021-04-19', '23:38:09', 1812.1, 0.37),
(57, '2.47988', '-76.58536', '1', '2021-04-19', '23:38:15', 1812.1, 0.37),
(58, '2.47988', '-76.58536', '1', '2021-04-19', '23:38:22', 1812.1, 0.37),
(59, '2.47990', '-76.58537', '1', '2021-04-19', '23:38:28', 1805.9, 0.96),
(60, '2.47990', '-76.58537', '1', '2021-04-19', '23:38:34', 1805.9, 0.96),
(61, '2.47990', '-76.58537', '1', '2021-04-19', '23:38:40', 1805.9, 0.96),
(62, '2.47994', '-76.58531', '1', '2021-04-19', '23:38:47', 1805.9, 1.76),
(63, '2.47995', '-76.58528', '1', '2021-04-19', '23:38:54', 1811.3, 1.61),
(64, '2.47995', '-76.58527', '1', '2021-04-19', '23:39:00', 1813.5, 1.39),
(65, '2.47995', '-76.58527', '1', '2021-04-19', '23:39:06', 1813.5, 1.39),
(66, '2.47995', '-76.58527', '1', '2021-04-19', '23:39:12', 1813.5, 1.39),
(67, '2.47995', '-76.58527', '1', '2021-04-19', '23:39:19', 1813.5, 1.39),
(68, '2.47997', '-76.58530', '1', '2021-04-19', '23:39:25', 1818.7, 1),
(69, '2.47997', '-76.58530', '1', '2021-04-19', '23:39:31', 1818.7, 1),
(70, '2.47997', '-76.58530', '1', '2021-04-19', '23:39:37', 1818.7, 1),
(71, '2.47995', '-76.58531', '1', '2021-04-19', '23:39:44', 1818.7, 0.94),
(72, '2.47998', '-76.58530', '1', '2021-04-21', '23:48:07', 1836.5, 0.26),
(73, '2.47998', '-76.58530', '1', '2021-04-21', '23:48:13', 1836.5, 0.26),
(74, '2.47998', '-76.58530', '1', '2021-04-21', '23:48:19', 1836.5, 0.26),
(75, '2.47998', '-76.58530', '1', '2021-04-21', '23:48:26', 1836.5, 0.26),
(76, '2.47995', '-76.58530', '1', '2021-04-21', '23:48:32', 1820.9, 0.15),
(77, '2.47995', '-76.58531', '1', '2021-04-21', '23:48:38', 1818.3, 0.15),
(78, '2.47995', '-76.58531', '1', '2021-04-21', '23:48:44', 1818.3, 0.15),
(79, '2.47995', '-76.58531', '1', '2021-04-21', '23:48:51', 1818.3, 0.15),
(80, '2.47995', '-76.58531', '1', '2021-04-21', '23:48:57', 1818.3, 0.15),
(81, '2.47994', '-76.58530', '1', '2021-04-21', '23:49:03', 1815.2, 0.15),
(82, '2.47994', '-76.58530', '1', '2021-04-21', '23:49:09', 1815.2, 0.15),
(83, '2.47994', '-76.58530', '1', '2021-04-21', '23:49:15', 1815.2, 0.15),
(84, '2.47994', '-76.58530', '1', '2021-04-21', '23:49:22', 1815.2, 0.15),
(85, '2.47993', '-76.58534', '1', '2021-04-21', '23:49:28', 1814.2, 0.09),
(86, '2.47993', '-76.58533', '1', '2021-04-21', '23:49:34', 1813.4, 0.09),
(87, '2.47993', '-76.58533', '1', '2021-04-21', '23:49:40', 1813.4, 0.09),
(88, '2.47993', '-76.58533', '1', '2021-04-21', '23:49:47', 1813.4, 0.09),
(89, '2.47993', '-76.58533', '1', '2021-04-21', '23:49:53', 1812.3, 0.35),
(90, '2.47993', '-76.58533', '1', '2021-04-21', '23:49:59', 1812.3, 0.35),
(91, '2.47993', '-76.58533', '1', '2021-04-21', '23:50:05', 1812.3, 0.35),
(92, '2.47993', '-76.58533', '1', '2021-04-21', '23:50:11', 1812.3, 0.35),
(93, '2.47993', '-76.58532', '1', '2021-04-21', '23:50:18', 1812.3, 0.04),
(94, '2.47994', '-76.58532', '1', '2021-04-21', '23:50:24', 1810.6, 0.07),
(95, '2.47994', '-76.58532', '1', '2021-04-21', '23:50:33', 1810.6, 0.07),
(96, '2.47994', '-76.58532', '1', '2021-04-21', '23:50:39', 1814.5, 0.31),
(97, '2.47993', '-76.58532', '1', '2021-04-21', '23:50:50', 1815.9, 0.31),
(98, '2.47993', '-76.58532', '1', '2021-04-21', '23:50:54', 1815.9, 0.31),
(99, '2.47993', '-76.58532', '1', '2021-04-21', '23:51:00', 1815.9, 0.31),
(100, '2.47993', '-76.58532', '1', '2021-04-21', '23:51:06', 1815.9, 0.31),
(101, '2.47994', '-76.58530', '1', '2021-04-21', '23:51:13', 1815.9, 0.56),
(102, '2.47994', '-76.58531', '1', '2021-04-21', '23:51:20', 1820, 0.43),
(103, '2.47994', '-76.58531', '1', '2021-04-21', '23:51:26', 1819.8, 0.02),
(104, '2.47994', '-76.58531', '1', '2021-04-21', '23:51:32', 1819.8, 0.02),
(105, '2.46108', '-76.58460', '1', '2021-04-21', '23:51:36', 1796.3, 0),
(106, '2.47994', '-76.58531', '1', '2021-04-21', '23:51:38', 1819.8, 0.02),
(107, '2.47994', '-76.58530', '1', '2021-04-21', '23:51:45', 1819.8, 0.28),
(108, '2.47995', '-76.58530', '1', '2021-04-21', '23:51:56', 1822.4, 0.17),
(109, '2.47995', '-76.58530', '1', '2021-04-21', '23:52:00', 1822.4, 0.17),
(110, '2.47995', '-76.58530', '1', '2021-04-21', '23:52:06', 1823.2, 0.06),
(111, '2.47995', '-76.58530', '1', '2021-04-21', '23:52:12', 1823.6, 0.06),
(112, '2.47995', '-76.58530', '1', '2021-04-21', '23:52:18', 1823.6, 0.06),
(113, '2.47995', '-76.58530', '1', '2021-04-21', '23:52:25', 1823.6, 0.06),
(114, '2.47995', '-76.58531', '1', '2021-04-21', '23:52:31', 1823.8, 0.04),
(115, '2.47995', '-76.58531', '1', '2021-04-21', '23:52:37', 1824.4, 0.04),
(116, '2.47995', '-76.58531', '1', '2021-04-21', '23:52:43', 1824.4, 0.04),
(117, '2.46112', '-76.58460', '2', '2021-04-21', '23:52:47', 1789.1, 0.24),
(118, '2.47995', '-76.58531', '1', '2021-04-21', '23:52:50', 1824.4, 0.04),
(119, '2.46112', '-76.58460', '2', '2021-04-21', '23:52:54', 1789.1, 0.24),
(120, '2.47995', '-76.58531', '1', '2021-04-21', '23:52:56', 1824.4, 0.35),
(121, '2.46112', '-76.58461', '2', '2021-04-21', '23:53:04', 1789, 0.35),
(122, '2.47996', '-76.58531', '1', '2021-04-21', '23:53:04', 1826.4, 0.11),
(123, '2.46112', '-76.58461', '2', '2021-04-21', '23:53:10', 1789.5, 0.19),
(124, '2.47996', '-76.58531', '1', '2021-04-21', '23:53:11', 1826.9, 0.11),
(125, '2.46112', '-76.58461', '2', '2021-04-21', '23:53:23', 1789.5, 0.19),
(126, '2.47996', '-76.58531', '1', '2021-04-21', '23:53:23', 1826.9, 0.11),
(127, '2.46112', '-76.58461', '2', '2021-04-21', '23:53:25', 1789.5, 0.19),
(128, '2.47996', '-76.58531', '1', '2021-04-21', '23:53:26', 1826.9, 0.11),
(129, '2.46112', '-76.58461', '2', '2021-04-21', '23:53:31', 1789.5, 0.19),
(130, '2.47996', '-76.58531', '1', '2021-04-21', '23:53:32', 1826.9, 0.11),
(131, '2.46112', '-76.58462', '2', '2021-04-21', '23:53:38', 1787.7, 0.07),
(132, '2.47996', '-76.58531', '1', '2021-04-21', '23:53:39', 1826.9, 0.11),
(133, '2.46112', '-76.58462', '2', '2021-04-21', '23:53:45', 1787.7, 0.07),
(134, '2.47995', '-76.58530', '1', '2021-04-21', '23:53:45', 1826, 0.09),
(135, '2.46111', '-76.58462', '2', '2021-04-21', '23:53:51', 1788.9, 0.07),
(136, '2.47995', '-76.58530', '1', '2021-04-21', '23:53:51', 1826.1, 0.09),
(137, '2.46111', '-76.58462', '2', '2021-04-21', '23:53:58', 1788.9, 0.07),
(138, '2.47995', '-76.58530', '1', '2021-04-21', '23:53:58', 1826.1, 0.09),
(139, '2.47995', '-76.58530', '1', '2021-04-21', '23:54:04', 1826.1, 0.07),
(140, '2.46111', '-76.58461', '2', '2021-04-21', '23:54:04', 1788.7, 0.78),
(141, '2.47995', '-76.58530', '1', '2021-04-21', '23:54:10', 1825.4, 0.06),
(142, '2.46111', '-76.58461', '2', '2021-04-21', '23:54:11', 1788.7, 0.78),
(143, '2.47995', '-76.58530', '1', '2021-04-21', '23:54:16', 1824.4, 0.06),
(144, '2.46111', '-76.58461', '2', '2021-04-21', '23:54:17', 1788.7, 0.78),
(145, '2.47995', '-76.58530', '1', '2021-04-21', '23:54:22', 1824.4, 0.06),
(146, '2.46112', '-76.58462', '2', '2021-04-21', '23:54:24', 1788.7, 0.11),
(147, '2.47995', '-76.58530', '1', '2021-04-21', '23:54:29', 1824.4, 0.06),
(148, '2.46112', '-76.58461', '2', '2021-04-21', '23:54:30', 1783.1, 0.11),
(149, '2.47996', '-76.58529', '1', '2021-04-21', '23:54:35', 1824.4, 0.04),
(150, '2.46112', '-76.58461', '2', '2021-04-21', '23:54:37', 1783.1, 0.11),
(151, '2.47995', '-76.58529', '1', '2021-04-21', '23:54:41', 1824.4, 0.07),
(152, '2.46114', '-76.58458', '2', '2021-04-21', '23:54:43', 1776.5, 0.35),
(153, '2.47995', '-76.58529', '1', '2021-04-21', '23:54:47', 1824.3, 0.07),
(154, '2.46114', '-76.58458', '2', '2021-04-21', '23:54:50', 1776.5, 0.35),
(155, '2.47995', '-76.58529', '1', '2021-04-21', '23:54:53', 1824.3, 0.07),
(156, '2.46114', '-76.58458', '2', '2021-04-21', '23:54:56', 1776.1, 0.44),
(157, '2.47995', '-76.58529', '1', '2021-04-21', '23:55:00', 1824.3, 0.07),
(158, '2.46114', '-76.58458', '2', '2021-04-21', '23:55:03', 1776.1, 0.44),
(159, '2.47996', '-76.58529', '1', '2021-04-21', '23:55:06', 1824.3, 0.07),
(160, '2.46115', '-76.58458', '2', '2021-04-21', '23:55:12', 1775.5, 0.44),
(161, '2.47996', '-76.58529', '1', '2021-04-21', '23:55:12', 1824.3, 0.07),
(162, '2.47996', '-76.58529', '1', '2021-04-21', '23:55:18', 1824.3, 0.07),
(163, '2.46115', '-76.58458', '2', '2021-04-21', '23:55:19', 1775.5, 0.44),
(164, '2.47996', '-76.58529', '1', '2021-04-21', '23:55:25', 1824.3, 0.07),
(165, '2.46116', '-76.58459', '2', '2021-04-21', '23:55:25', 1772.2, 0.3),
(166, '2.47995', '-76.58530', '1', '2021-04-21', '23:55:31', 1821.8, 0.11),
(167, '2.46116', '-76.58459', '2', '2021-04-21', '23:55:31', 1772.2, 0.3),
(168, '2.47995', '-76.58530', '1', '2021-04-21', '23:55:37', 1821.5, 0.11),
(169, '2.46117', '-76.58459', '2', '2021-04-21', '23:55:38', 1772.2, 0.48),
(170, '2.47995', '-76.58530', '1', '2021-04-21', '23:55:43', 1821.5, 0.11),
(171, '2.46117', '-76.58459', '2', '2021-04-21', '23:55:44', 1766.6, 0.48),
(172, '2.47995', '-76.58530', '1', '2021-04-21', '23:55:50', 1821.5, 0.11),
(173, '2.46117', '-76.58459', '2', '2021-04-21', '23:55:51', 1766.6, 0.48),
(174, '2.47995', '-76.58530', '1', '2021-04-21', '23:55:56', 1821.5, 0.24),
(175, '2.46115', '-76.58462', '2', '2021-04-21', '23:55:57', 1770.2, 0.5),
(176, '2.47995', '-76.58530', '1', '2021-04-21', '23:56:02', 1823.3, 0.02),
(177, '2.46115', '-76.58462', '2', '2021-04-21', '23:56:04', 1770.2, 0.5),
(178, '2.47995', '-76.58530', '1', '2021-04-21', '23:56:08', 1823.8, 0.02),
(179, '2.46114', '-76.58464', '2', '2021-04-21', '23:56:10', 1773.7, 0.28),
(180, '2.47995', '-76.58530', '1', '2021-04-21', '23:56:14', 1823.8, 0.02),
(181, '2.46114', '-76.58464', '2', '2021-04-21', '23:56:17', 1773.7, 0.28),
(182, '2.47995', '-76.58530', '1', '2021-04-21', '23:56:21', 1823.8, 0.02),
(183, '2.46114', '-76.58465', '2', '2021-04-21', '23:56:23', 1778.9, 0.98),
(184, '2.47995', '-76.58529', '1', '2021-04-21', '23:56:27', 1824.2, 0.06),
(185, '2.46114', '-76.58465', '2', '2021-04-21', '23:56:30', 1778.9, 0.98),
(186, '2.47995', '-76.58529', '1', '2021-04-21', '23:56:33', 1824.1, 0.06),
(187, '2.46114', '-76.58468', '2', '2021-04-21', '23:56:36', 1784, 1.67),
(188, '2.47995', '-76.58529', '1', '2021-04-21', '23:56:39', 1824.1, 0.06),
(189, '2.46114', '-76.58468', '2', '2021-04-21', '23:56:42', 1784, 1.67),
(190, '2.47995', '-76.58529', '1', '2021-04-21', '23:56:46', 1824.1, 0.06),
(191, '2.46113', '-76.58467', '2', '2021-04-21', '23:56:57', 1784, 0.43),
(192, '2.47995', '-76.58529', '1', '2021-04-21', '23:56:57', 1824, 0.24),
(193, '2.46113', '-76.58467', '2', '2021-04-21', '23:56:58', 1784, 0.43),
(194, '2.47995', '-76.58529', '1', '2021-04-21', '23:57:01', 1824, 0.24),
(195, '2.46113', '-76.58467', '2', '2021-04-21', '23:57:05', 1784, 0.43),
(196, '2.47995', '-76.58529', '1', '2021-04-21', '23:57:07', 1826, 0.02),
(197, '2.46109', '-76.58465', '2', '2021-04-21', '23:57:11', 1785.9, 1.54),
(198, '2.47995', '-76.58529', '1', '2021-04-21', '23:57:13', 1826, 0.02),
(199, '2.46109', '-76.58465', '2', '2021-04-21', '23:57:17', 1785.9, 1.54),
(200, '2.47995', '-76.58529', '1', '2021-04-21', '23:57:20', 1826, 0.02),
(201, '2.46107', '-76.58466', '2', '2021-04-21', '23:57:24', 1785.9, 0.67),
(202, '2.47995', '-76.58529', '1', '2021-04-21', '23:57:26', 1825.5, 0),
(203, '2.46105', '-76.58465', '2', '2021-04-21', '23:57:30', 1792.8, 0.67),
(204, '2.47995', '-76.58529', '1', '2021-04-21', '23:57:32', 1825.1, 0),
(205, '2.46105', '-76.58465', '2', '2021-04-21', '23:57:36', 1792.8, 0.67),
(206, '2.47995', '-76.58529', '1', '2021-04-21', '23:57:38', 1825.1, 0),
(207, '2.46104', '-76.58466', '2', '2021-04-21', '23:57:43', 1792.8, 0.13),
(208, '2.47995', '-76.58529', '1', '2021-04-21', '23:57:45', 1825.1, 0),
(209, '2.46104', '-76.58466', '2', '2021-04-21', '23:57:49', 1795.8, 0.13),
(210, '2.47995', '-76.58529', '1', '2021-04-21', '23:57:51', 1825.1, 0.06),
(211, '2.46104', '-76.58466', '2', '2021-04-21', '23:57:56', 1795.8, 0.13),
(212, '2.47995', '-76.58530', '1', '2021-04-21', '23:57:57', 1823, 0.02),
(213, '2.46106', '-76.58465', '2', '2021-04-21', '23:58:03', 1795.8, 0.46),
(214, '2.47995', '-76.58530', '1', '2021-04-21', '23:58:03', 1823, 0.02),
(215, '2.46108', '-76.58464', '2', '2021-04-21', '23:58:09', 1789.3, 0.46),
(216, '2.47995', '-76.58530', '1', '2021-04-21', '23:58:09', 1823, 0.02),
(217, '2.46108', '-76.58464', '2', '2021-04-21', '23:58:16', 1789.3, 0.46),
(218, '2.47995', '-76.58530', '1', '2021-04-21', '23:58:16', 1823, 0.04),
(219, '2.47995', '-76.58529', '1', '2021-04-21', '23:58:22', 1821.4, 0.04),
(220, '2.46107', '-76.58463', '2', '2021-04-21', '23:58:22', 1794.5, 1.04),
(221, '2.47995', '-76.58529', '1', '2021-04-21', '23:58:28', 1821.8, 0.06),
(222, '2.46107', '-76.58463', '2', '2021-04-21', '23:58:29', 1794.5, 1.04),
(223, '2.47995', '-76.58529', '1', '2021-04-21', '23:58:34', 1821.8, 0.06),
(224, '2.46106', '-76.58464', '2', '2021-04-21', '23:58:35', 1797.5, 0.11),
(225, '2.47995', '-76.58529', '1', '2021-04-21', '23:58:45', 1821.8, 0.06),
(226, '2.46106', '-76.58464', '2', '2021-04-21', '23:58:45', 1797.5, 0.11),
(227, '2.47995', '-76.58529', '1', '2021-04-21', '23:58:59', 1821.7, 0.02),
(228, '2.46106', '-76.58464', '2', '2021-04-21', '23:58:59', 1794.1, 0.24),
(229, '2.47995', '-76.58529', '1', '2021-04-21', '23:59:00', 1821.7, 0.02),
(230, '2.46106', '-76.58464', '2', '2021-04-21', '23:59:00', 1794.1, 0.24),
(231, '2.47995', '-76.58529', '1', '2021-04-21', '23:59:06', 1821.1, 0.02),
(232, '2.46106', '-76.58464', '2', '2021-04-21', '23:59:07', 1794.1, 0.24),
(233, '2.47995', '-76.58529', '1', '2021-04-21', '23:59:12', 1821.1, 0.02),
(234, '2.46107', '-76.58465', '2', '2021-04-21', '23:59:13', 1792.1, 0.13),
(235, '2.47995', '-76.58529', '1', '2021-04-21', '23:59:19', 1821.1, 0.02),
(236, '2.46107', '-76.58465', '2', '2021-04-21', '23:59:20', 1792.1, 0.13),
(237, '2.47996', '-76.58529', '1', '2021-04-21', '23:59:25', 1820.2, 0.04),
(238, '2.46107', '-76.58465', '2', '2021-04-21', '23:59:26', 1793.4, 0.61),
(239, '2.47996', '-76.58530', '1', '2021-04-21', '23:59:31', 1819.6, 0.06),
(240, '2.46107', '-76.58465', '2', '2021-04-21', '23:59:33', 1793.4, 0.61),
(241, '2.47996', '-76.58530', '1', '2021-04-21', '23:59:37', 1819.6, 0.06),
(242, '2.46112', '-76.58462', '2', '2021-04-21', '23:59:39', 1784.3, 0.15),
(243, '2.47996', '-76.58530', '1', '2021-04-21', '23:59:44', 1819.6, 0.06),
(244, '2.46112', '-76.58462', '2', '2021-04-21', '23:59:46', 1784.3, 0.15),
(245, '2.47996', '-76.58530', '1', '2021-04-21', '23:59:50', 1819.6, 0.04),
(246, '2.46119', '-76.58460', '2', '2021-04-21', '23:59:52', 1784.3, 1.09),
(247, '2.47996', '-76.58530', '1', '2021-04-21', '23:59:56', 1819.3, 0.06),
(248, '2.46119', '-76.58460', '2', '2021-04-21', '23:59:58', 1770.2, 1.09),
(249, '2.47996', '-76.58530', '1', '2021-04-22', '00:00:02', 1819.3, 0.06),
(250, '2.46125', '-76.58457', '2', '2021-04-22', '00:00:05', 1770.2, 0.44),
(251, '2.44587', '-76.61949', '3', '2021-04-22', '00:00:06', 1749.2, 0.04),
(252, '2.47996', '-76.58530', '1', '2021-04-22', '00:00:08', 1819.3, 0.06),
(253, '2.46123', '-76.58459', '2', '2021-04-22', '00:00:11', 1758.8, 0.44),
(254, '2.44587', '-76.61949', '3', '2021-04-22', '00:00:13', 1749.2, 0.04),
(255, '2.47996', '-76.58530', '1', '2021-04-22', '00:00:15', 1819.3, 0.06),
(256, '2.46123', '-76.58459', '2', '2021-04-22', '00:00:18', 1758.8, 0.44),
(257, '2.44585', '-76.61949', '3', '2021-04-22', '00:00:19', 1754.6, 0.48),
(258, '2.47995', '-76.58529', '1', '2021-04-22', '00:00:21', 1818.3, 0.02),
(259, '2.46120', '-76.58461', '2', '2021-04-22', '00:00:24', 1766.8, 0.07),
(260, '2.44585', '-76.61949', '3', '2021-04-22', '00:00:25', 1756.2, 0.48),
(261, '2.47995', '-76.58530', '1', '2021-04-22', '00:00:27', 1817.3, 0.02),
(262, '2.46120', '-76.58461', '2', '2021-04-22', '00:00:30', 1766.8, 0.07),
(263, '2.44585', '-76.61949', '3', '2021-04-22', '00:00:31', 1756.2, 0.48),
(264, '2.47995', '-76.58530', '1', '2021-04-22', '00:00:33', 1817.3, 0.02),
(265, '2.46118', '-76.58461', '2', '2021-04-22', '00:00:37', 1771.6, 0.17),
(266, '2.44585', '-76.61949', '3', '2021-04-22', '00:00:37', 1756.2, 0.48),
(267, '2.47995', '-76.58530', '1', '2021-04-22', '00:00:40', 1817.3, 0.02),
(268, '2.46118', '-76.58461', '2', '2021-04-22', '00:00:43', 1771.6, 0.17),
(269, '2.47995', '-76.58530', '1', '2021-04-22', '00:00:46', 1816.5, 0),
(270, '2.47995', '-76.58530', '1', '2021-04-22', '00:00:52', 1816.6, 0),
(271, '2.44585', '-76.61949', '3', '2021-04-22', '00:00:55', 1756.2, 0.48),
(272, '2.46118', '-76.58461', '2', '2021-04-22', '00:00:57', 1773.8, 0.28),
(273, '2.47995', '-76.58530', '1', '2021-04-22', '00:00:58', 1816.6, 0),
(274, '2.44585', '-76.61949', '3', '2021-04-22', '00:01:01', 1756.2, 0.48),
(275, '2.44585', '-76.61948', '3', '2021-04-22', '00:01:01', 1756.2, 0.15),
(276, '2.46118', '-76.58461', '2', '2021-04-22', '00:01:03', 1773.8, 0.15),
(277, '2.47995', '-76.58530', '1', '2021-04-22', '00:01:05', 1816.6, 0),
(278, '2.44585', '-76.61948', '3', '2021-04-22', '00:01:08', 1756.2, 0.15),
(279, '2.47995', '-76.58530', '1', '2021-04-22', '00:01:11', 1816.9, 0),
(280, '2.46118', '-76.58462', '2', '2021-04-22', '00:01:12', 1775, 0.15),
(281, '2.44584', '-76.61948', '3', '2021-04-22', '00:01:14', 1754.9, 0.8),
(282, '2.47995', '-76.58530', '1', '2021-04-22', '00:01:17', 1817, 0),
(283, '2.46118', '-76.58462', '2', '2021-04-22', '00:01:19', 1775, 0.15),
(284, '2.44584', '-76.61948', '3', '2021-04-22', '00:01:20', 1755.8, 0.09),
(285, '2.47995', '-76.58530', '1', '2021-04-22', '00:01:23', 1817.3, 0),
(286, '2.46117', '-76.58462', '2', '2021-04-22', '00:01:25', 1774.7, 0.13),
(287, '2.44584', '-76.61948', '3', '2021-04-22', '00:01:26', 1755.8, 0.09),
(288, '2.47995', '-76.58530', '1', '2021-04-22', '00:01:29', 1817.3, 0),
(289, '2.46117', '-76.58462', '2', '2021-04-22', '00:01:32', 1774.7, 0.13),
(290, '2.44584', '-76.61948', '3', '2021-04-22', '00:01:36', 1755.8, 0.09),
(291, '2.47995', '-76.58530', '1', '2021-04-22', '00:01:36', 1817.3, 0),
(292, '2.46117', '-76.58462', '2', '2021-04-22', '00:01:39', 1774.7, 0.13),
(293, '2.47995', '-76.58531', '1', '2021-04-22', '00:01:42', 1817.3, 0),
(294, '2.44585', '-76.61947', '3', '2021-04-22', '00:01:42', 1755.8, 0.44),
(295, '2.46116', '-76.58461', '2', '2021-04-22', '00:01:45', 1777.2, 0.13),
(296, '2.47995', '-76.58531', '1', '2021-04-22', '00:01:48', 1818.9, 0.02),
(297, '2.44586', '-76.61947', '3', '2021-04-22', '00:01:51', 1748.9, 0.2),
(298, '2.46116', '-76.58461', '2', '2021-04-22', '00:01:52', 1777.2, 0.13),
(299, '2.47994', '-76.58531', '1', '2021-04-22', '00:01:54', 1819.6, 0.02),
(300, '2.44586', '-76.61947', '3', '2021-04-22', '00:01:57', 1745.8, 0.09),
(301, '2.46116', '-76.58460', '2', '2021-04-22', '00:01:58', 1777.2, 0.06),
(302, '2.47994', '-76.58531', '1', '2021-04-22', '00:02:00', 1819.6, 0.02),
(303, '2.44587', '-76.61947', '3', '2021-04-22', '00:02:03', 1744.1, 0.2),
(304, '2.46116', '-76.58460', '2', '2021-04-22', '00:02:04', 1777.7, 0.06),
(305, '2.47994', '-76.58531', '1', '2021-04-22', '00:02:07', 1819.6, 0.02),
(306, '2.44587', '-76.61947', '3', '2021-04-22', '00:02:09', 1744.1, 0.2),
(307, '2.46116', '-76.58460', '2', '2021-04-22', '00:02:11', 1777.7, 0.06),
(308, '2.47995', '-76.58531', '1', '2021-04-22', '00:02:13', 1820, 0.17),
(309, '2.44587', '-76.61947', '3', '2021-04-22', '00:02:16', 1744.1, 0.2),
(310, '2.46116', '-76.58460', '2', '2021-04-22', '00:02:17', 1780.2, 0.11),
(311, '2.47995', '-76.58530', '1', '2021-04-22', '00:02:19', 1820.5, 0.02),
(312, '2.44585', '-76.61947', '3', '2021-04-22', '00:02:22', 1744.1, 0.39),
(313, '2.46116', '-76.58460', '2', '2021-04-22', '00:02:24', 1780.2, 0.11),
(314, '2.47995', '-76.58530', '1', '2021-04-22', '00:02:25', 1820.5, 0.02),
(315, '2.46115', '-76.58460', '2', '2021-04-22', '00:02:30', 1780.8, 0.26),
(316, '2.44586', '-76.61947', '3', '2021-04-22', '00:02:31', 1746.8, 0.04),
(317, '2.47995', '-76.58530', '1', '2021-04-22', '00:02:32', 1820.5, 0.02),
(318, '2.46115', '-76.58460', '2', '2021-04-22', '00:02:36', 1780.8, 0.26),
(319, '2.44586', '-76.61948', '3', '2021-04-22', '00:02:37', 1748.2, 0.04),
(320, '2.47996', '-76.58530', '1', '2021-04-22', '00:02:38', 1819.9, 0.06),
(321, '2.46115', '-76.58460', '2', '2021-04-22', '00:02:43', 1780.8, 0.26),
(322, '2.44586', '-76.61948', '3', '2021-04-22', '00:02:43', 1748.2, 0.04),
(323, '2.47996', '-76.58530', '1', '2021-04-22', '00:02:44', 1819.6, 0.04),
(324, '2.46114', '-76.58461', '2', '2021-04-22', '00:02:49', 1783.5, 0.09),
(325, '2.44586', '-76.61948', '3', '2021-04-22', '00:02:50', 1748.2, 0.04),
(326, '2.47996', '-76.58530', '1', '2021-04-22', '00:02:50', 1819.6, 0.04),
(327, '2.46114', '-76.58461', '2', '2021-04-22', '00:02:56', 1783.5, 0.09),
(328, '2.47996', '-76.58530', '1', '2021-04-22', '00:02:57', 1819.6, 0.04),
(329, '2.44586', '-76.61948', '3', '2021-04-22', '00:02:57', 1748.2, 0.11),
(330, '2.46114', '-76.58461', '2', '2021-04-22', '00:03:02', 1784.6, 0.07),
(331, '2.44586', '-76.61948', '3', '2021-04-22', '00:03:03', 1748.1, 0.13),
(332, '2.47995', '-76.58530', '1', '2021-04-22', '00:03:04', 1819.6, 0.04),
(333, '2.46114', '-76.58461', '2', '2021-04-22', '00:03:09', 1784.6, 0.07),
(334, '2.44586', '-76.61948', '3', '2021-04-22', '00:03:09', 1747.4, 0.13),
(335, '2.47995', '-76.58530', '1', '2021-04-22', '00:03:10', 1818.1, 0.04),
(336, '2.44586', '-76.61948', '3', '2021-04-22', '00:03:15', 1747.4, 0.13),
(337, '2.46115', '-76.58460', '2', '2021-04-22', '00:03:15', 1782.8, 0.06),
(338, '2.47995', '-76.58530', '1', '2021-04-22', '00:03:16', 1818.2, 0.04),
(339, '2.46115', '-76.58460', '2', '2021-04-22', '00:03:22', 1782.8, 0.06),
(340, '2.47995', '-76.58530', '1', '2021-04-22', '00:03:22', 1818.2, 0.04),
(341, '2.44586', '-76.61948', '3', '2021-04-22', '00:03:23', 1747.4, 0.13),
(342, '2.47995', '-76.58530', '1', '2021-04-22', '00:03:28', 1818.2, 0.04),
(343, '2.44585', '-76.61949', '3', '2021-04-22', '00:03:29', 1749.4, 0.26),
(344, '2.46116', '-76.58459', '2', '2021-04-22', '00:03:30', 1780.5, 0.04),
(345, '2.47995', '-76.58530', '1', '2021-04-22', '00:03:35', 1818.2, 0.04),
(346, '2.44585', '-76.61949', '3', '2021-04-22', '00:03:35', 1749.4, 0.26),
(347, '2.46116', '-76.58460', '2', '2021-04-22', '00:03:36', 1780, 0.11),
(348, '2.47995', '-76.58530', '1', '2021-04-22', '00:03:41', 1818.2, 0.02),
(349, '2.44585', '-76.61949', '3', '2021-04-22', '00:03:42', 1749.4, 0.26),
(350, '2.46116', '-76.58460', '2', '2021-04-22', '00:03:43', 1780, 0.11),
(351, '2.47994', '-76.58530', '1', '2021-04-22', '00:03:47', 1819.3, 0.06),
(352, '2.46115', '-76.58460', '2', '2021-04-22', '00:03:49', 1780.7, 0.02),
(353, '2.44585', '-76.61949', '3', '2021-04-22', '00:03:52', 1749.4, 0.26),
(354, '2.47994', '-76.58530', '1', '2021-04-22', '00:03:53', 1819.3, 0.06),
(355, '2.46115', '-76.58460', '2', '2021-04-22', '00:03:55', 1780.7, 0.02),
(356, '2.44585', '-76.61949', '3', '2021-04-22', '00:03:58', 1749.4, 0.06),
(357, '2.47994', '-76.58530', '1', '2021-04-22', '00:04:00', 1819.3, 0.06),
(358, '2.46115', '-76.58461', '2', '2021-04-22', '00:04:02', 1783.7, 0.04),
(359, '2.44585', '-76.61950', '3', '2021-04-22', '00:04:04', 1753.7, 0.06),
(360, '2.47994', '-76.58530', '1', '2021-04-22', '00:04:06', 1819.3, 0.11),
(361, '2.46115', '-76.58461', '2', '2021-04-22', '00:04:09', 1783.7, 0.04),
(362, '2.44585', '-76.61950', '3', '2021-04-22', '00:04:10', 1753.7, 0.06),
(363, '2.47994', '-76.58530', '1', '2021-04-22', '00:04:12', 1820.4, 0.06),
(364, '2.46115', '-76.58462', '2', '2021-04-22', '00:04:15', 1783.7, 0.43),
(365, '2.44585', '-76.61950', '3', '2021-04-22', '00:04:16', 1753.7, 0.06),
(366, '2.47994', '-76.58530', '1', '2021-04-22', '00:04:18', 1820, 0.06),
(367, '2.46115', '-76.58462', '2', '2021-04-22', '00:04:22', 1787.7, 0.43),
(368, '2.44584', '-76.61949', '3', '2021-04-22', '00:04:23', 1753.7, 0.13),
(369, '2.47994', '-76.58530', '1', '2021-04-22', '00:04:24', 1820, 0.06),
(370, '2.46115', '-76.58462', '2', '2021-04-22', '00:04:29', 1787.7, 0.43),
(371, '2.44584', '-76.61949', '3', '2021-04-22', '00:04:29', 1752.8, 0.09),
(372, '2.47994', '-76.58530', '1', '2021-04-22', '00:04:30', 1820, 0.06),
(373, '2.46114', '-76.58461', '2', '2021-04-22', '00:04:35', 1787.7, 0.09),
(374, '2.44585', '-76.61949', '3', '2021-04-22', '00:04:35', 1752.2, 0.09),
(375, '2.47994', '-76.58531', '1', '2021-04-22', '00:04:37', 1820, 0.06),
(376, '2.46114', '-76.58462', '2', '2021-04-22', '00:04:41', 1792.2, 0.11),
(377, '2.44585', '-76.61949', '3', '2021-04-22', '00:04:42', 1752.2, 0.09),
(378, '2.47994', '-76.58530', '1', '2021-04-22', '00:04:43', 1820, 0.04),
(379, '2.46114', '-76.58462', '2', '2021-04-22', '00:04:48', 1792.2, 0.11),
(380, '2.44585', '-76.61949', '3', '2021-04-22', '00:04:48', 1752.2, 0.09),
(381, '2.47994', '-76.58530', '1', '2021-04-22', '00:04:49', 1820.8, 0.07),
(382, '2.46113', '-76.58462', '2', '2021-04-22', '00:04:54', 1794.7, 0.04),
(383, '2.44585', '-76.61949', '3', '2021-04-22', '00:04:55', 1752.2, 0.09),
(384, '2.47994', '-76.58530', '1', '2021-04-22', '00:04:55', 1820.8, 0.07),
(385, '2.46113', '-76.58462', '2', '2021-04-22', '00:05:01', 1794.7, 0.04),
(386, '2.44585', '-76.61950', '3', '2021-04-22', '00:05:01', 1754.3, 0.06),
(387, '2.47994', '-76.58530', '1', '2021-04-22', '00:05:01', 1820.8, 0.07),
(388, '2.44584', '-76.61951', '3', '2021-04-22', '00:05:07', 1755.5, 0.07),
(389, '2.46113', '-76.58462', '2', '2021-04-22', '00:05:07', 1792.8, 0.04),
(390, '2.47994', '-76.58530', '1', '2021-04-22', '00:05:08', 1820.8, 0.07),
(391, '2.44584', '-76.61951', '3', '2021-04-22', '00:05:13', 1755.5, 0.07),
(392, '2.46113', '-76.58462', '2', '2021-04-22', '00:05:14', 1792.8, 0.04),
(393, '2.47994', '-76.58530', '1', '2021-04-22', '00:05:15', 1821.5, 0.04),
(394, '2.44584', '-76.61951', '3', '2021-04-22', '00:05:20', 1755.5, 0.07),
(395, '2.46113', '-76.58462', '2', '2021-04-22', '00:05:20', 1792.6, 0.04),
(396, '2.47994', '-76.58530', '1', '2021-04-22', '00:05:21', 1821.2, 0.06),
(397, '2.44584', '-76.61951', '3', '2021-04-22', '00:05:26', 1756.9, 0.02),
(398, '2.46113', '-76.58462', '2', '2021-04-22', '00:05:27', 1792.6, 0.04),
(399, '2.47994', '-76.58530', '1', '2021-04-22', '00:05:27', 1820.9, 0.06),
(400, '2.46113', '-76.58461', '2', '2021-04-22', '00:05:33', 1792.6, 0.02),
(401, '2.47994', '-76.58530', '1', '2021-04-22', '00:05:33', 1820.9, 0.06),
(402, '2.44584', '-76.61951', '3', '2021-04-22', '00:05:35', 1756.9, 0.02),
(403, '2.46113', '-76.58461', '2', '2021-04-22', '00:05:39', 1791.9, 0.02),
(404, '2.47994', '-76.58530', '1', '2021-04-22', '00:05:41', 1820.9, 0.06),
(405, '2.44584', '-76.61951', '3', '2021-04-22', '00:05:41', 1756.9, 0.02),
(406, '2.46113', '-76.58461', '2', '2021-04-22', '00:05:46', 1791.9, 0.02),
(407, '2.47994', '-76.58530', '1', '2021-04-22', '00:05:47', 1820.4, 0.04),
(408, '2.44584', '-76.61951', '3', '2021-04-22', '00:05:58', 1756.9, 0.02),
(409, '2.46112', '-76.58461', '2', '2021-04-22', '00:05:58', 1795.4, 0.31),
(410, '2.47994', '-76.58530', '1', '2021-04-22', '00:05:58', 1820.5, 0.02),
(411, '2.44584', '-76.61951', '3', '2021-04-22', '00:05:58', 1756.9, 0.02),
(412, '2.47994', '-76.58530', '1', '2021-04-22', '00:06:02', 1820.5, 0.02),
(413, '2.44584', '-76.61951', '3', '2021-04-22', '00:06:04', 1756.9, 0.02),
(414, '2.46112', '-76.58461', '2', '2021-04-22', '00:06:05', 1795.4, 0.31),
(415, '2.47994', '-76.58530', '1', '2021-04-22', '00:06:08', 1820.5, 0.02),
(416, '2.44584', '-76.61951', '3', '2021-04-22', '00:06:10', 1756.9, 0.02),
(417, '2.46112', '-76.58462', '2', '2021-04-22', '00:06:11', 1799.2, 0.31),
(418, '2.47994', '-76.58530', '1', '2021-04-22', '00:06:15', 1820.5, 0.02),
(419, '2.44584', '-76.61951', '3', '2021-04-22', '00:06:17', 1756.9, 0.02),
(420, '2.46112', '-76.58462', '2', '2021-04-22', '00:06:18', 1799.2, 0.31),
(421, '2.47995', '-76.58531', '1', '2021-04-22', '00:06:21', 1821.8, 0.04),
(422, '2.44583', '-76.61952', '3', '2021-04-22', '00:06:24', 1758.1, 0.04),
(423, '2.46111', '-76.58462', '2', '2021-04-22', '00:06:24', 1801.4, 0.17),
(424, '2.47995', '-76.58531', '1', '2021-04-22', '00:06:27', 1822, 0.07),
(425, '2.46111', '-76.58462', '2', '2021-04-22', '00:06:31', 1801.4, 0.17),
(426, '2.47995', '-76.58531', '1', '2021-04-22', '00:06:33', 1822, 0.07),
(427, '2.44583', '-76.61953', '3', '2021-04-22', '00:06:34', 1757.7, 0.15),
(428, '2.46111', '-76.58462', '2', '2021-04-22', '00:06:37', 1799.5, 0.06),
(429, '2.47995', '-76.58531', '1', '2021-04-22', '00:06:40', 1822, 0.07),
(430, '2.44583', '-76.61953', '3', '2021-04-22', '00:06:40', 1757.7, 0.15),
(431, '2.46111', '-76.58462', '2', '2021-04-22', '00:06:44', 1799.5, 0.06),
(432, '2.47995', '-76.58531', '1', '2021-04-22', '00:06:46', 1823.1, 0.11),
(433, '2.44584', '-76.61953', '3', '2021-04-22', '00:06:46', 1757.3, 0.15),
(434, '2.46111', '-76.58463', '2', '2021-04-22', '00:06:50', 1796.7, 0.04),
(435, '2.47995', '-76.58531', '1', '2021-04-22', '00:06:52', 1822.5, 0.02),
(436, '2.44584', '-76.61953', '3', '2021-04-22', '00:06:52', 1757.3, 0.15),
(437, '2.46111', '-76.58463', '2', '2021-04-22', '00:06:57', 1796.7, 0.04),
(438, '2.47995', '-76.58531', '1', '2021-04-22', '00:06:58', 1822.6, 0.09),
(439, '2.44584', '-76.61953', '3', '2021-04-22', '00:06:59', 1757.3, 0.15),
(440, '2.46112', '-76.58463', '2', '2021-04-22', '00:07:03', 1796.7, 0.28),
(441, '2.47995', '-76.58531', '1', '2021-04-22', '00:07:04', 1822.6, 0.09),
(442, '2.44584', '-76.61953', '3', '2021-04-22', '00:07:05', 1756.4, 0.02),
(443, '2.46112', '-76.58463', '2', '2021-04-22', '00:07:09', 1793.4, 0.28),
(444, '2.47995', '-76.58531', '1', '2021-04-22', '00:07:11', 1822.6, 0.09),
(445, '2.44584', '-76.61953', '3', '2021-04-22', '00:07:11', 1756.1, 0),
(446, '2.46112', '-76.58463', '2', '2021-04-22', '00:07:16', 1793.4, 0.02),
(447, '2.44584', '-76.61953', '3', '2021-04-22', '00:07:17', 1756.1, 0),
(448, '2.47995', '-76.58531', '1', '2021-04-22', '00:07:18', 1822.6, 0.09),
(449, '2.46112', '-76.58462', '2', '2021-04-22', '00:07:23', 1791.2, 0.02),
(450, '2.44584', '-76.61953', '3', '2021-04-22', '00:07:23', 1756.1, 0),
(451, '2.47995', '-76.58531', '1', '2021-04-22', '00:07:25', 1825, 0.07),
(452, '2.46113', '-76.58462', '2', '2021-04-22', '00:07:29', 1791.6, 0.02),
(453, '2.44584', '-76.61953', '3', '2021-04-22', '00:07:30', 1756.1, 0.02),
(454, '2.47994', '-76.58531', '1', '2021-04-22', '00:07:31', 1824.8, 0.07),
(455, '2.46113', '-76.58462', '2', '2021-04-22', '00:07:36', 1791.6, 0.02),
(456, '2.44583', '-76.61953', '3', '2021-04-22', '00:07:36', 1750.3, 0.07),
(457, '2.47994', '-76.58531', '1', '2021-04-22', '00:07:37', 1824.8, 0.07),
(458, '2.46112', '-76.58463', '2', '2021-04-22', '00:07:42', 1793.8, 0.17),
(459, '2.44583', '-76.61953', '3', '2021-04-22', '00:07:42', 1750.3, 0.07),
(460, '2.47994', '-76.58531', '1', '2021-04-22', '00:07:44', 1824.8, 0.07),
(461, '2.44583', '-76.61953', '3', '2021-04-22', '00:07:48', 1750.3, 0.07),
(462, '2.46112', '-76.58463', '2', '2021-04-22', '00:07:49', 1793.8, 0.17),
(463, '2.47994', '-76.58531', '1', '2021-04-22', '00:07:50', 1824.4, 0.04),
(464, '2.44584', '-76.61951', '3', '2021-04-22', '00:07:55', 1750.3, 0.02),
(465, '2.46112', '-76.58463', '2', '2021-04-22', '00:07:55', 1793.1, 0.2),
(466, '2.47994', '-76.58531', '1', '2021-04-22', '00:07:56', 1824.5, 0.07),
(467, '2.44584', '-76.61950', '3', '2021-04-22', '00:08:12', 1758.5, 0.04),
(468, '2.47994', '-76.58531', '1', '2021-04-22', '00:08:12', 1824.5, 0.07),
(469, '2.46112', '-76.58463', '2', '2021-04-22', '00:08:12', 1793.1, 0.2),
(470, '2.46112', '-76.58463', '2', '2021-04-22', '00:08:12', 1793.1, 0.2),
(471, '2.44584', '-76.61950', '3', '2021-04-22', '00:08:12', 1758.5, 0.04),
(472, '2.47994', '-76.58531', '1', '2021-04-22', '00:08:12', 1824.5, 0.07),
(473, '2.47994', '-76.58531', '1', '2021-04-22', '00:08:18', 1824.5, 0.07),
(474, '2.46113', '-76.58462', '2', '2021-04-22', '00:08:19', 1793.1, 0.15),
(475, '2.44584', '-76.61950', '3', '2021-04-22', '00:08:21', 1758.5, 0.04),
(476, '2.47994', '-76.58531', '1', '2021-04-22', '00:08:25', 1824.5, 0.07),
(477, '2.46113', '-76.58462', '2', '2021-04-22', '00:08:25', 1789.7, 0.15),
(478, '2.44584', '-76.61950', '3', '2021-04-22', '00:08:30', 1758.5, 0.04),
(479, '2.47995', '-76.58531', '1', '2021-04-22', '00:08:31', 1826.9, 0),
(480, '2.46113', '-76.58462', '2', '2021-04-22', '00:08:32', 1789.7, 0.07),
(481, '2.47995', '-76.58530', '1', '2021-04-22', '00:08:37', 1827.1, 0),
(482, '2.46113', '-76.58462', '2', '2021-04-22', '00:08:39', 1789.7, 0.07),
(483, '2.44583', '-76.61949', '3', '2021-04-22', '00:08:39', 1762.9, 0.06),
(484, '2.47995', '-76.58530', '1', '2021-04-22', '00:08:43', 1827.1, 0),
(485, '2.46112', '-76.58463', '2', '2021-04-22', '00:08:45', 1790.2, 0.07),
(486, '2.44583', '-76.61949', '3', '2021-04-22', '00:08:48', 1761.7, 0.02),
(487, '2.47995', '-76.58530', '1', '2021-04-22', '00:08:50', 1827.1, 0.07),
(488, '2.46112', '-76.58463', '2', '2021-04-22', '00:08:51', 1790.2, 0.07),
(489, '2.47995', '-76.58530', '1', '2021-04-22', '00:08:56', 1827.1, 0.07),
(490, '2.46112', '-76.58463', '2', '2021-04-22', '00:08:58', 1790.2, 0.06),
(491, '2.44583', '-76.61949', '3', '2021-04-22', '00:09:00', 1761.7, 0.02),
(492, '2.47995', '-76.58530', '1', '2021-04-22', '00:09:03', 1827.1, 0.07),
(493, '2.46112', '-76.58463', '2', '2021-04-22', '00:09:05', 1790.2, 0.07),
(494, '2.44583', '-76.61948', '3', '2021-04-22', '00:09:06', 1760.6, 0.02),
(495, '2.47995', '-76.58530', '1', '2021-04-22', '00:09:09', 1827.7, 0.11),
(496, '2.44584', '-76.61948', '3', '2021-04-22', '00:09:13', 1760.6, 0.06),
(497, '2.46112', '-76.58463', '2', '2021-04-22', '00:09:13', 1791.2, 0.09),
(498, '2.47995', '-76.58530', '1', '2021-04-22', '00:09:15', 1827.7, 0.11),
(499, '2.44584', '-76.61948', '3', '2021-04-22', '00:09:19', 1760.6, 0.02),
(500, '2.46112', '-76.58463', '2', '2021-04-22', '00:09:19', 1792.7, 0.09),
(501, '2.47995', '-76.58530', '1', '2021-04-22', '00:09:22', 1827.7, 0.11),
(502, '2.46112', '-76.58463', '2', '2021-04-22', '00:09:26', 1792.7, 0.09),
(503, '2.47996', '-76.58530', '1', '2021-04-22', '00:09:28', 1827.8, 0.06),
(504, '2.44584', '-76.61948', '3', '2021-04-22', '00:09:31', 1760.6, 0.02),
(505, '2.46111', '-76.58463', '2', '2021-04-22', '00:09:32', 1793.7, 0.11),
(506, '2.47996', '-76.58530', '1', '2021-04-22', '00:09:34', 1827.8, 0.06),
(507, '2.44584', '-76.61948', '3', '2021-04-22', '00:09:38', 1760.7, 0.06),
(508, '2.46111', '-76.58463', '2', '2021-04-22', '00:09:39', 1793.7, 0.11),
(509, '2.47996', '-76.58530', '1', '2021-04-22', '00:09:41', 1827.8, 0.06),
(510, '2.46111', '-76.58463', '2', '2021-04-22', '00:09:45', 1794.1, 0.07),
(511, '2.47996', '-76.58530', '1', '2021-04-22', '00:09:47', 1827.8, 0.15),
(512, '2.44584', '-76.61948', '3', '2021-04-22', '00:09:48', 1760.7, 0.06),
(513, '2.46111', '-76.58463', '2', '2021-04-22', '00:09:51', 1794.2, 0.07),
(514, '2.47996', '-76.58530', '1', '2021-04-22', '00:09:53', 1825.5, 0.06),
(515, '2.44584', '-76.61948', '3', '2021-04-22', '00:09:57', 1760.7, 0.06),
(516, '2.46111', '-76.58462', '2', '2021-04-22', '00:09:58', 1794.2, 0.06),
(517, '2.47996', '-76.58530', '1', '2021-04-22', '00:09:59', 1825.5, 0.06),
(518, '2.44584', '-76.61947', '3', '2021-04-22', '00:10:03', 1759.2, 0.06),
(519, '2.46111', '-76.58461', '2', '2021-04-22', '00:10:04', 1793.5, 0.09),
(520, '2.47996', '-76.58530', '1', '2021-04-22', '00:10:05', 1825.5, 0.06),
(521, '2.46111', '-76.58461', '2', '2021-04-22', '00:10:11', 1793.5, 0.09),
(522, '2.47996', '-76.58530', '1', '2021-04-22', '00:10:21', 1825.5, 0.06),
(523, '2.44584', '-76.61947', '3', '2021-04-22', '00:10:21', 1758.5, 0.07),
(524, '2.46542', '-76.59035', '3', '2021-04-22', '03:52:54', 1787.9, 0.22);

-- --------------------------------------------------------

--
-- Table structure for table `datos_usuarios`
--

CREATE TABLE `datos_usuarios` (
  `id` int(11) NOT NULL,
  `nombre_completo` varchar(60) CHARACTER SET latin1 NOT NULL,
  `identificacion` varchar(16) CHARACTER SET latin1 NOT NULL,
  `direccion` varchar(60) CHARACTER SET latin1 COLLATE latin1_spanish_ci NOT NULL,
  `login` varchar(20) CHARACTER SET latin1 NOT NULL,
  `passwd` varchar(50) CHARACTER SET latin1 NOT NULL,
  `tipo_usuario` int(11) NOT NULL
) ENGINE=InnoDB DEFAULT CHARSET=utf8mb4;

--
-- Dumping data for table `datos_usuarios`
--

INSERT INTO `datos_usuarios` (`id`, `nombre_completo`, `identificacion`, `direccion`, `login`, `passwd`, `tipo_usuario`) VALUES
(1, 'Santiago Yangana', '22022000', 'Calle 5 #409-100', 'Santiago', 'd41d8cd98f00b204e9800998ecf8427e', 0),
(2, 'Nathalia Isabel Guerrero', '1061809038', 'Cra 15N #89-40', 'Nathalia', 'd41d8cd98f00b204e9800998ecf8427e', 0),
(7, 'Jhon Fredy', '1002970732', 'CRA 17#73N43', 'Jfredy', '4c25b32a72699ed712dfa80df77fc582', 1),
(8, 'Jhon Romero', '1028218', 'CRA', 'Jhoncito', '4c25b32a72699ed712dfa80df77fc582', 1);

--
-- Indexes for dumped tables
--

--
-- Indexes for table `datos_dispositivos`
--
ALTER TABLE `datos_dispositivos`
  ADD PRIMARY KEY (`id_tarjeta`);

--
-- Indexes for table `datos_maximos`
--
ALTER TABLE `datos_maximos`
  ADD PRIMARY KEY (`id`);

--
-- Indexes for table `datos_medidos`
--
ALTER TABLE `datos_medidos`
  ADD PRIMARY KEY (`id`);

--
-- Indexes for table `datos_ponderados`
--
ALTER TABLE `datos_ponderados`
  ADD PRIMARY KEY (`id`);

--
-- Indexes for table `datos_ubicaciones`
--
ALTER TABLE `datos_ubicaciones`
  ADD PRIMARY KEY (`id`);

--
-- Indexes for table `datos_usuarios`
--
ALTER TABLE `datos_usuarios`
  ADD PRIMARY KEY (`id`);

--
-- AUTO_INCREMENT for dumped tables
--

--
-- AUTO_INCREMENT for table `datos_maximos`
--
ALTER TABLE `datos_maximos`
  MODIFY `id` int(11) NOT NULL AUTO_INCREMENT, AUTO_INCREMENT=3;

--
-- AUTO_INCREMENT for table `datos_medidos`
--
ALTER TABLE `datos_medidos`
  MODIFY `id` int(11) NOT NULL AUTO_INCREMENT, AUTO_INCREMENT=995;

--
-- AUTO_INCREMENT for table `datos_ponderados`
--
ALTER TABLE `datos_ponderados`
  MODIFY `id` int(11) NOT NULL AUTO_INCREMENT, AUTO_INCREMENT=3;

--
-- AUTO_INCREMENT for table `datos_ubicaciones`
--
ALTER TABLE `datos_ubicaciones`
  MODIFY `id` int(11) NOT NULL AUTO_INCREMENT, AUTO_INCREMENT=525;

--
-- AUTO_INCREMENT for table `datos_usuarios`
--
ALTER TABLE `datos_usuarios`
  MODIFY `id` int(11) NOT NULL AUTO_INCREMENT, AUTO_INCREMENT=10;
COMMIT;

/*!40101 SET CHARACTER_SET_CLIENT=@OLD_CHARACTER_SET_CLIENT */;
/*!40101 SET CHARACTER_SET_RESULTS=@OLD_CHARACTER_SET_RESULTS */;
/*!40101 SET COLLATION_CONNECTION=@OLD_COLLATION_CONNECTION */;
