-- phpMyAdmin SQL Dump
-- version 4.6.4
-- https://www.phpmyadmin.net/
--
-- Host: fdb30.awardspace.net
-- Generation Time: Sep 17, 2021 at 03:38 PM
-- Server version: 5.7.20-log
-- PHP Version: 5.5.38

SET SQL_MODE = "NO_AUTO_VALUE_ON_ZERO";
SET time_zone = "+00:00";


/*!40101 SET @OLD_CHARACTER_SET_CLIENT=@@CHARACTER_SET_CLIENT */;
/*!40101 SET @OLD_CHARACTER_SET_RESULTS=@@CHARACTER_SET_RESULTS */;
/*!40101 SET @OLD_COLLATION_CONNECTION=@@COLLATION_CONNECTION */;
/*!40101 SET NAMES utf8mb4 */;

--
-- Database: `3761280_ehealth`
--

-- --------------------------------------------------------

--
-- Table structure for table `datos_consultas`
--

CREATE TABLE `datos_consultas` (
  `id` int(11) NOT NULL,
  `id_usuario` int(11) NOT NULL,
  `fecha` date NOT NULL,
  `hora` varchar(20) NOT NULL,
  `fecha_inicial_consulta` date NOT NULL,
  `fecha_final_consulta` date NOT NULL,
  `id_tarjeta_consulta` int(11) NOT NULL
) ENGINE=InnoDB DEFAULT CHARSET=utf8mb4;

--
-- Dumping data for table `datos_consultas`
--

INSERT INTO `datos_consultas` (`id`, `id_usuario`, `fecha`, `hora`, `fecha_inicial_consulta`, `fecha_final_consulta`, `id_tarjeta_consulta`) VALUES
(1, 1, '2021-09-10', '15:17:15', '2021-09-05', '2021-09-07', 3),
(14, 7, '2021-09-02', '15:04:02', '2021-09-05', '2021-09-07', 4),
(15, 7, '2021-09-16', '14:24:37', '2021-09-09', '2021-09-17', 2),
(16, 7, '2021-09-16', '14:25:19', '2020-01-01', '2021-09-16', 2),
(27, 10, '2021-09-16', '15:21:10', '2020-12-28', '2021-09-16', 3),
(28, 10, '2021-09-16', '15:26:26', '2020-12-28', '2021-09-16', 3),
(29, 10, '2021-09-16', '16:03:52', '2020-01-16', '2021-09-16', 3),
(30, 7, '2021-09-16', '17:50:48', '2021-03-31', '2021-04-28', 2),
(31, 7, '2021-09-17', '07:22:21', '2021-09-01', '2021-09-17', 1),
(32, 7, '2021-09-17', '07:26:59', '2021-09-16', '2021-09-17', 3),
(33, 7, '2021-09-17', '07:44:46', '2021-09-16', '2021-09-17', 3),
(34, 7, '2021-09-17', '07:44:50', '2021-09-16', '2021-09-17', 3),
(35, 7, '2021-09-17', '07:46:18', '2021-09-16', '2021-09-16', 3);

-- --------------------------------------------------------

--
-- Table structure for table `datos_dispositivos`
--

CREATE TABLE `datos_dispositivos` (
  `id_tarjeta` int(11) NOT NULL,
  `estado` int(11) NOT NULL,
  `ubicacion` varchar(50) NOT NULL,
  `propietario` varchar(50) NOT NULL
) ENGINE=InnoDB DEFAULT CHARSET=utf8mb4;

--
-- Dumping data for table `datos_dispositivos`
--

INSERT INTO `datos_dispositivos` (`id_tarjeta`, `estado`, `ubicacion`, `propietario`) VALUES
(1, 1, 'Villa del Viento', 'Lina'),
(2, 1, 'Rosales de la Hacienda', 'Laura'),
(3, 1, 'Campo Bello', 'Nathalia'),
(4, 0, 'Guapi', 'Ricardo Salazar');

-- --------------------------------------------------------

--
-- Table structure for table `datos_maximos`
--

CREATE TABLE `datos_maximos` (
  `id` int(11) NOT NULL,
  `enfermedad` varchar(40) NOT NULL,
  `max_temp` int(11) NOT NULL,
  `max_hum` int(11) NOT NULL,
  `pre_lluvia` varchar(5) NOT NULL
) ENGINE=InnoDB DEFAULT CHARSET=latin1;

--
-- Dumping data for table `datos_maximos`
--

INSERT INTO `datos_maximos` (`id`, `enfermedad`, `max_temp`, `max_hum`, `pre_lluvia`) VALUES
(1, 'fiebre_amarilla', 12, 75, '1'),
(2, 'dengue', 15, 65, '0');

-- --------------------------------------------------------

--
-- Table structure for table `datos_medidos`
--

CREATE TABLE `datos_medidos` (
  `id` int(11) NOT NULL,
  `id_tarjeta` int(11) NOT NULL,
  `temperatura` float NOT NULL,
  `humedad` float NOT NULL,
  `fecha` date NOT NULL,
  `hora` varchar(20) NOT NULL,
  `lluvia` int(11) DEFAULT NULL
) ENGINE=InnoDB DEFAULT CHARSET=latin1;

--
-- Dumping data for table `datos_medidos`
--

INSERT INTO `datos_medidos` (`id`, `id_tarjeta`, `temperatura`, `humedad`, `fecha`, `hora`, `lluvia`) VALUES
(1, 1, 28.8, 51.6, '2018-02-15', '15:17:15', 1),
(2, 3, 28.8, 51.8, '2018-02-15', '15:17:25', 0),
(3, 1, 28.7, 52, '2018-02-15', '15:17:35', 0),
(4, 2, 28.6, 52.2, '2018-02-15', '15:17:44', 1),
(5, 2, 28.5, 52.4, '2018-02-15', '15:17:53', 0),
(6, 1, 28.4, 52.6, '2018-02-15', '15:18:03', 1),
(7, 3, 28.3, 52.8, '2018-02-15', '15:18:12', 1),
(8, 2, 28.2, 53, '2018-02-15', '15:18:24', 1),
(9, 2, 28.1, 53.5, '2018-02-15', '15:18:34', 1),
(10, 2, 28, 53.6, '2018-02-15', '15:18:44', 1),
(11, 1, 27.9, 53.7, '2018-02-15', '15:18:53', 1),
(12, 2, 27.9, 53.8, '2018-02-15', '15:19:03', 1),
(13, 1, 27.9, 54, '2018-02-15', '15:19:12', 1),
(14, 3, 27.8, 54.2, '2018-02-15', '15:19:22', 1),
(15, 1, 27.8, 54.2, '2018-02-15', '15:19:31', 1),
(16, 1, 27.7, 54.3, '2018-02-15', '15:19:41', 1),
(17, 1, 27.7, 54.4, '2018-02-15', '15:19:50', 1),
(18, 1, 27.6, 54.5, '2018-02-15', '15:19:59', 1),
(19, 1, 27.6, 54.5, '2018-02-15', '15:20:09', 1),
(20, 1, 27.6, 54.7, '2018-02-15', '15:20:19', 1),
(21, 1, 27.5, 54.7, '2018-02-15', '15:20:28', 1),
(22, 3, 27.5, 54.7, '2018-02-15', '15:20:38', 1),
(23, 1, 27.4, 54.9, '2018-02-15', '15:20:47', 1),
(24, 1, 27.4, 55, '2018-02-15', '15:20:57', 1),
(25, 3, 27.3, 55, '2018-02-15', '15:21:06', 1),
(26, 1, 27.3, 55.3, '2018-02-15', '15:21:16', 0),
(27, 1, 27.2, 55.4, '2018-02-15', '15:21:25', 1),
(28, 1, 27.2, 55.5, '2018-02-15', '15:21:35', 1),
(29, 1, 27.1, 55.7, '2018-02-15', '15:21:44', 1),
(30, 2, 27.1, 55.8, '2018-02-15', '15:21:54', 1),
(31, 1, 27.1, 55.7, '2018-02-15', '15:22:03', 1),
(32, 1, 27.1, 55.8, '2018-02-15', '15:22:12', 1),
(33, 1, 27, 55.8, '2018-02-15', '15:22:22', 1),
(34, 1, 27, 55.8, '2018-02-15', '15:22:31', 1),
(35, 2, 27, 55.9, '2018-02-15', '15:22:41', 1),
(36, 1, 27, 56, '2018-02-15', '15:22:50', 1),
(37, 1, 26.9, 56.1, '2018-02-15', '15:23:00', 1),
(38, 1, 26.9, 56.6, '2018-02-15', '15:23:09', 1),
(39, 2, 26.9, 56.4, '2018-02-15', '15:23:19', 1),
(40, 1, 26.8, 56.5, '2018-02-15', '15:23:28', 1),
(41, 1, 26.8, 57.5, '2018-02-15', '15:23:38', 1),
(42, 1, 26.8, 56.6, '2018-02-15', '15:23:47', 1),
(43, 1, 26.8, 57, '2018-02-15', '15:23:57', 1),
(44, 2, 26.8, 56.7, '2018-02-15', '15:24:06', 1),
(45, 1, 26.8, 56.5, '2018-02-15', '15:24:16', 1),
(46, 2, 26.8, 56.4, '2018-02-15', '15:24:25', 1),
(47, 1, 26.8, 57, '2018-02-15', '15:24:35', 1),
(48, 1, 26.7, 56.7, '2018-02-15', '15:24:44', 1),
(49, 1, 26.7, 56.7, '2018-02-15', '15:24:53', 1),
(50, 2, 26.7, 56.5, '2018-02-15', '15:25:03', 1),
(51, 3, 26.7, 56.6, '2018-02-15', '15:25:12', 1),
(52, 1, 26.7, 56.6, '2018-02-15', '15:25:22', 1),
(53, 1, 26.7, 56.5, '2018-02-15', '15:25:31', 1),
(54, 1, 26.7, 56.6, '2018-02-15', '15:25:41', 1),
(55, 1, 26.7, 60.5, '2018-02-15', '15:25:50', 1),
(56, 1, 26.7, 58, '2018-02-14', '15:26:00', 0),
(57, 1, 26.7, 57.2, '2018-02-14', '15:26:09', 1),
(58, 1, 26.7, 56.9, '2018-02-14', '15:26:19', 1),
(59, 1, 26.7, 56.8, '2018-02-14', '15:26:28', 1),
(60, 1, 26.7, 56.8, '2018-02-14', '15:26:38', 1),
(63, 1, 21.7, 82.2, '2021-03-20', '09:24:26', 1),
(64, 2, 21.8, 83.7, '2021-03-20', '09:24:32', 1),
(65, 1, 21.8, 83.7, '2021-03-20', '09:24:37', 1),
(66, 1, 21.8, 84, '2021-03-20', '09:24:42', 1),
(67, 1, 21.8, 84.6, '2021-03-20', '09:24:48', 1),
(68, 1, 21.8, 84.2, '2021-03-20', '09:24:53', 1),
(69, 1, 21.8, 84.6, '2021-03-20', '09:24:58', 1),
(70, 1, 21.8, 84, '2021-03-20', '09:25:03', 1),
(71, 1, 21.9, 82.2, '2021-03-20', '09:25:09', 1),
(72, 1, 21.9, 81.5, '2021-03-20', '09:25:14', 1),
(73, 1, 22, 82.2, '2021-03-20', '09:25:19', 1),
(74, 1, 21.9, 82.7, '2021-03-20', '09:25:25', 1),
(75, 1, 21.9, 83.1, '2021-03-20', '09:25:30', 1),
(76, 1, 22, 82.1, '2021-03-20', '09:25:35', 1),
(77, 1, 22, 81.5, '2021-03-20', '09:25:41', 1),
(78, 1, 22, 80.9, '2021-03-20', '09:25:46', 1),
(79, 1, 22, 80.6, '2021-03-20', '09:25:51', 1),
(80, 1, 22.1, 80.8, '2021-03-20', '09:25:57', 1),
(81, 1, 22.1, 80.2, '2021-03-20', '09:26:02', 1),
(82, 1, 22.1, 79.9, '2021-03-20', '09:26:07', 1),
(83, 1, 22.1, 80.3, '2021-03-20', '09:26:13', 1),
(84, 1, 22.1, 80.2, '2021-03-20', '09:26:18', 1),
(85, 1, 22.1, 81.1, '2021-03-20', '09:26:23', 1),
(86, 1, 22.1, 80.3, '2021-03-20', '09:26:28', 1),
(87, 1, 22.2, 80.2, '2021-03-20', '09:26:34', 1),
(88, 1, 22.2, 79.7, '2021-03-20', '09:26:39', 1),
(89, 1, 22.2, 79.7, '2021-03-20', '09:26:44', 1),
(90, 1, 22.2, 79.4, '2021-03-20', '09:26:50', 1),
(91, 1, 22.2, 79.1, '2021-03-20', '09:26:55', 1),
(92, 1, 22.2, 79, '2021-03-20', '09:27:00', 1),
(93, 1, 22.2, 78.9, '2021-03-20', '09:27:06', 1),
(94, 1, 22.2, 78.9, '2021-03-20', '09:27:11', 1),
(95, 1, 22.2, 79.6, '2021-03-20', '09:27:16', 1),
(96, 1, 22.2, 81, '2021-03-20', '09:27:22', 1),
(97, 1, 22.2, 81.5, '2021-03-20', '09:27:27', 1),
(98, 1, 22.2, 82.2, '2021-03-20', '09:27:32', 1),
(99, 1, 22.3, 81.2, '2021-03-20', '09:27:38', 1),
(100, 1, 22.3, 82.5, '2021-03-20', '09:27:43', 1),
(101, 1, 22.3, 81.6, '2021-03-20', '09:27:48', 1),
(102, 1, 22.3, 81.2, '2021-03-20', '09:27:54', 1),
(103, 1, 22.4, 78.9, '2021-03-20', '09:28:28', 1),
(104, 1, 22.4, 78.7, '2021-03-20', '09:28:33', 1),
(105, 1, 22.4, 80.2, '2021-03-20', '09:28:38', 1),
(106, 1, 22.8, 79.3, '2021-03-20', '02:48:37', 1),
(107, 1, 22.9, 80.5, '2021-03-20', '02:48:43', 1),
(108, 1, 22.9, 79.8, '2021-03-20', '02:48:48', 1),
(109, 1, 22.9, 79.6, '2021-03-20', '02:48:53', 1),
(110, 1, 22.9, 79.5, '2021-03-20', '02:48:59', 1),
(111, 1, 22.9, 80, '2021-03-20', '02:49:04', 1),
(112, 1, 22.9, 79.7, '2021-03-20', '02:49:09', 1),
(113, 1, 23, 79.2, '2021-03-20', '02:49:15', 1),
(114, 1, 23, 79, '2021-03-20', '02:49:20', 1),
(115, 1, 22.9, 79.2, '2021-03-20', '02:49:25', 1),
(116, 1, 23, 79.4, '2021-03-20', '02:49:31', 1),
(117, 1, 23, 79.7, '2021-03-20', '02:49:36', 1),
(118, 1, 23, 79.4, '2021-03-20', '02:49:41', 1),
(119, 1, 23, 79.1, '2021-03-20', '02:49:47', 1),
(120, 1, 23, 78.8, '2021-03-20', '02:49:52', 1),
(121, 1, 23, 78.3, '2021-03-20', '02:49:57', 1),
(122, 1, 23, 78.4, '2021-03-20', '02:50:03', 1),
(123, 1, 23, 78.2, '2021-03-20', '02:50:08', 1),
(124, 1, 23, 78.1, '2021-03-20', '02:50:13', 1),
(125, 1, 23.1, 78.2, '2021-03-20', '02:50:19', 1),
(126, 1, 23.1, 78.6, '2021-03-20', '02:50:24', 1),
(127, 1, 23.1, 78.7, '2021-03-20', '02:50:29', 1),
(128, 1, 23.1, 78.3, '2021-03-20', '02:50:35', 1),
(129, 3, 23.1, 78.4, '2021-03-20', '02:50:40', 1),
(130, 1, 23.1, 78.6, '2021-03-20', '02:50:45', 1),
(131, 1, 23.1, 78.9, '2021-03-20', '02:50:51', 1),
(132, 1, 23.1, 79.2, '2021-03-20', '02:50:56', 1),
(133, 1, 23.1, 78.9, '2021-03-20', '02:51:01', 1),
(134, 1, 23.1, 78.8, '2021-03-20', '02:51:07', 1),
(135, 1, 23.1, 79.2, '2021-03-20', '02:51:12', 1),
(136, 1, 23.1, 79.8, '2021-03-20', '02:51:17', 1),
(137, 1, 23.1, 79, '2021-03-20', '02:54:01', 0),
(138, 1, 22.5, 81.4, '2021-03-20', '02:54:06', 0),
(139, 1, 22.6, 81, '2021-03-20', '02:54:11', 0),
(140, 1, 22.6, 80.2, '2021-03-20', '02:54:17', 0),
(141, 1, 22.6, 80, '2021-03-20', '02:54:22', 0),
(142, 1, 22.6, 80.6, '2021-03-20', '02:54:27', 0),
(143, 1, 22.6, 81, '2021-03-20', '02:54:33', 0),
(144, 1, 22.7, 81.7, '2021-03-20', '02:54:38', 0),
(145, 2, 22.7, 81.9, '2021-03-20', '02:54:43', 0),
(146, 1, 22.7, 81.1, '2021-03-20', '02:54:49', 0),
(147, 1, 22.7, 81.7, '2021-03-20', '02:54:54', 0),
(148, 2, 22.8, 82.5, '2021-03-20', '02:54:59', 0),
(149, 1, 22.8, 81.9, '2021-03-20', '02:55:05', 0),
(150, 1, 22.8, 82.4, '2021-03-20', '02:55:10', 0),
(151, 1, 22.8, 81.3, '2021-03-20', '02:55:15', 0),
(152, 1, 22.8, 81.4, '2021-03-20', '02:55:21', 0),
(153, 1, 22.8, 80.6, '2021-03-20', '02:55:26', 0),
(154, 1, 22.8, 79.5, '2021-03-20', '02:55:31', 0),
(155, 2, 22.8, 80.1, '2021-03-20', '02:55:37', 0),
(156, 1, 22.8, 80.5, '2021-03-20', '02:55:42', 0),
(157, 1, 22.9, 81.1, '2021-03-20', '02:55:47', 0),
(158, 1, 22.9, 81.9, '2021-03-20', '02:55:53', 0),
(159, 1, 22.9, 82.6, '2021-03-20', '02:55:58', 0),
(160, 1, 22.9, 82.5, '2021-03-20', '02:56:04', 0),
(161, 1, 22.9, 80.6, '2021-03-20', '02:56:09', 0),
(162, 1, 22.9, 79.5, '2021-03-20', '02:56:14', 0),
(163, 1, 22.9, 79.5, '2021-03-20', '02:56:20', 0),
(164, 1, 22.9, 80.1, '2021-03-20', '02:56:25', 0),
(165, 1, 22.9, 79.8, '2021-03-20', '02:56:30', 0),
(166, 1, 22.9, 79, '2021-03-20', '02:56:36', 0),
(167, 1, 22.9, 78.4, '2021-03-20', '02:56:41', 0),
(168, 1, 22.9, 78.2, '2021-03-20', '02:56:46', 0),
(169, 1, 22.9, 78, '2021-03-20', '02:56:52', 0),
(170, 1, 22.8, 78, '2021-03-20', '02:56:57', 0),
(171, 1, 22.8, 78.2, '2021-03-20', '02:57:02', 0),
(172, 1, 22.8, 78.6, '2021-03-20', '02:57:08', 0),
(173, 1, 22.8, 79.3, '2021-03-20', '02:57:13', 0),
(174, 1, 22.8, 79.6, '2021-03-20', '02:57:18', 0),
(175, 1, 22.8, 79.5, '2021-03-20', '02:57:24', 0),
(176, 1, 23.1, 79.3, '2021-03-20', '03:01:02', 0),
(177, 1, 23.1, 80.2, '2021-03-20', '03:01:07', 0),
(178, 1, 23.1, 80.8, '2021-03-20', '03:01:13', 0),
(179, 1, 23.1, 80.1, '2021-03-20', '03:01:18', 0),
(180, 1, 23.1, 80.2, '2021-03-20', '03:01:23', 0),
(181, 1, 23.1, 79.6, '2021-03-20', '03:01:29', 0),
(182, 1, 23.1, 79.5, '2021-03-20', '03:01:34', 0),
(183, 1, 23.1, 78.8, '2021-03-20', '03:01:39', 0),
(184, 1, 23.1, 78.2, '2021-03-20', '03:01:45', 0),
(185, 1, 23.1, 78, '2021-03-20', '03:01:50', 0),
(186, 1, 23.1, 78, '2021-03-20', '03:01:55', 0),
(187, 1, 23.2, 77.6, '2021-03-20', '03:02:01', 0),
(188, 1, 23.1, 77.3, '2021-03-20', '03:02:06', 0),
(189, 1, 23.1, 77.3, '2021-03-20', '03:02:11', 0),
(190, 1, 23.1, 77.3, '2021-03-20', '03:02:17', 0),
(191, 1, 23, 77.3, '2021-03-20', '03:02:22', 0),
(192, 1, 23, 77.4, '2021-03-20', '03:02:27', 0),
(193, 1, 23, 77.2, '2021-03-20', '03:02:33', 0),
(194, 3, 22.9, 77.1, '2021-03-20', '03:02:38', 0),
(195, 1, 22.9, 77.2, '2021-03-20', '03:02:43', 0),
(196, 3, 22.8, 77.3, '2021-03-20', '03:02:49', 0),
(197, 1, 22.9, 77.4, '2021-03-20', '03:02:54', 0),
(198, 1, 22.8, 77.5, '2021-03-20', '03:02:59', 0),
(199, 1, 22.8, 77.9, '2021-03-20', '03:03:05', 0),
(200, 1, 22.8, 78.8, '2021-03-20', '03:03:10', 0),
(201, 1, 22.8, 78.7, '2021-03-20', '03:03:15', 0),
(202, 1, 22.8, 78.5, '2021-03-20', '03:03:21', 0),
(203, 3, 22.8, 79.4, '2021-03-20', '03:03:26', 0),
(204, 1, 22.8, 79.1, '2021-03-20', '03:03:32', 0),
(205, 1, 22.8, 79.6, '2021-03-20', '03:03:37', 0),
(206, 1, 22.8, 79.7, '2021-03-20', '03:03:42', 0),
(207, 1, 22.8, 80.2, '2021-03-20', '03:03:48', 0),
(208, 1, 23.2, 78.9, '2021-03-20', '03:08:14', 0),
(209, 1, 23.1, 79.4, '2021-03-20', '03:08:20', 0),
(210, 1, 23.2, 80.5, '2021-03-20', '03:08:25', 0),
(211, 1, 23.2, 80.2, '2021-03-20', '03:08:30', 0),
(212, 2, 22.7, 78.3, '2021-03-20', '03:16:46', 0),
(213, 1, 22.6, 82.2, '2021-03-20', '03:16:51', 0),
(214, 1, 22.6, 81.8, '2021-03-20', '03:16:56', 0),
(215, 1, 22.6, 81.8, '2021-03-20', '03:17:02', 0),
(216, 1, 22.6, 81.4, '2021-03-20', '03:17:07', 0),
(217, 1, 22.7, 81.1, '2021-03-20', '03:17:12', 0),
(218, 1, 22.7, 80.9, '2021-03-20', '03:17:18', 0),
(219, 1, 22.7, 80.9, '2021-03-20', '03:17:23', 0),
(220, 2, 22.7, 80.5, '2021-03-20', '03:17:28', 0),
(221, 1, 22.7, 80.1, '2021-03-20', '03:17:34', 0),
(222, 1, 22.8, 80.8, '2021-03-20', '03:17:39', 0),
(223, 3, 22.8, 81.3, '2021-03-20', '03:17:44', 0),
(224, 1, 22.8, 81.4, '2021-03-20', '03:18:04', 0),
(225, 1, 22.8, 81.4, '2021-03-20', '03:18:09', 0),
(226, 1, 22.8, 80.6, '2021-03-20', '03:18:14', 0),
(227, 3, 22.8, 80.8, '2021-03-20', '03:18:20', 0),
(228, 1, 22.8, 80.3, '2021-03-20', '03:18:25', 0),
(229, 1, 22.9, 79.8, '2021-03-20', '03:18:30', 0),
(230, 1, 22.9, 79.4, '2021-03-20', '03:18:36', 0),
(231, 2, 22.9, 79.7, '2021-03-20', '03:18:41', 0),
(232, 1, 22.9, 79.2, '2021-03-20', '03:18:46', 0),
(233, 1, 22.9, 79, '2021-03-20', '03:18:52', 0),
(234, 3, 23, 78.9, '2021-03-20', '03:18:57', 0),
(235, 1, 23, 79.4, '2021-03-20', '03:19:02', 0),
(236, 3, 23.1, 79.5, '2021-03-20', '03:19:08', 0),
(237, 1, 23.1, 79.1, '2021-03-20', '03:19:13', 0),
(238, 1, 23.1, 78.9, '2021-03-20', '03:19:18', 0),
(239, 1, 23.2, 78.7, '2021-03-20', '03:19:24', 0),
(240, 1, 23.1, 78.5, '2021-03-20', '03:19:29', 0),
(241, 1, 22.7, 81, '2021-03-20', '03:46:15', 0),
(242, 1, 22.6, 81.5, '2021-03-20', '03:46:21', 0),
(243, 3, 22.6, 81.7, '2021-03-20', '03:46:26', 0),
(244, 1, 22.7, 81.5, '2021-03-20', '03:46:31', 0),
(245, 1, 22.7, 81.6, '2021-03-20', '03:46:37', 0),
(246, 1, 22.7, 82.2, '2021-03-20', '03:46:42', 0),
(247, 1, 22.8, 82.3, '2021-03-20', '03:46:47', 0),
(248, 1, 22.8, 81.9, '2021-03-20', '03:46:53', 0),
(249, 1, 22.8, 81, '2021-03-20', '03:46:58', 0),
(250, 1, 22.8, 80.5, '2021-03-20', '03:47:03', 0),
(251, 1, 22.8, 80, '2021-03-20', '03:47:09', 0),
(252, 3, 22.8, 80, '2021-03-20', '03:47:14', 0),
(253, 1, 22.8, 79.9, '2021-03-20', '03:47:19', 0),
(254, 1, 22.7, 79.5, '2021-03-20', '03:47:25', 0),
(255, 1, 22.7, 79.5, '2021-03-20', '03:47:30', 0),
(256, 1, 22.7, 80.8, '2021-03-20', '03:47:35', 0),
(257, 1, 22.7, 82.4, '2021-03-20', '03:47:41', 0),
(258, 1, 22.7, 82.6, '2021-03-20', '03:47:46', 0),
(259, 1, 22.7, 82.6, '2021-03-20', '03:47:51', 0),
(260, 1, 22.7, 82, '2021-03-20', '03:47:57', 0),
(261, 1, 22.7, 81.5, '2021-03-20', '03:48:02', 0),
(262, 1, 22.8, 83, '2021-03-20', '03:48:07', 0),
(263, 1, 22.8, 82.3, '2021-03-20', '03:48:13', 0),
(264, 1, 22.8, 81.6, '2021-03-20', '03:48:18', 0),
(265, 1, 22.8, 81.6, '2021-03-20', '03:48:24', 0),
(266, 1, 22.8, 82, '2021-03-20', '03:48:29', 0),
(267, 1, 22.5, 82.6, '2021-03-20', '04:07:14', 0),
(268, 1, 22.4, 83.2, '2021-03-20', '04:07:20', 0),
(269, 1, 22.4, 81.6, '2021-03-20', '04:08:01', 0),
(270, 1, 22.4, 81.6, '2021-03-20', '04:08:06', 0),
(271, 1, 22.5, 82.6, '2021-03-20', '04:08:46', 0),
(272, 1, 22.5, 81.5, '2021-03-20', '04:08:52', 0),
(273, 1, 22.5, 81.3, '2021-03-20', '04:08:57', 0),
(274, 1, 22.5, 81.3, '2021-03-20', '04:09:02', 0),
(275, 1, 22.5, 81.2, '2021-03-20', '04:09:08', 0),
(276, 1, 22.5, 82, '2021-03-20', '04:09:13', 0),
(277, 1, 22.5, 82.3, '2021-03-20', '04:09:18', 0),
(278, 1, 22.5, 83.6, '2021-03-20', '04:09:24', 0),
(279, 1, 22.5, 83.5, '2021-03-20', '04:09:29', 0),
(280, 1, 22.5, 83.2, '2021-03-20', '04:09:34', 0),
(281, 1, 22.5, 82.5, '2021-03-20', '04:09:40', 0),
(282, 1, 22.5, 82.1, '2021-03-20', '04:09:45', 0),
(283, 1, 22.6, 82.6, '2021-03-20', '04:09:50', 0),
(284, 1, 22.6, 82.7, '2021-03-20', '04:09:56', 0),
(285, 1, 22.6, 83.2, '2021-03-20', '04:10:01', 0),
(286, 1, 22.6, 83.2, '2021-03-20', '04:10:06', 0),
(287, 1, 22.6, 83.3, '2021-03-20', '04:10:12', 0),
(288, 1, 22.6, 83.2, '2021-03-20', '04:10:17', 0),
(289, 1, 22.7, 83, '2021-03-20', '04:10:22', 0),
(290, 1, 22.7, 82.7, '2021-03-20', '04:10:28', 0),
(291, 1, 22.7, 81.8, '2021-03-20', '04:10:33', 0),
(292, 1, 22.7, 81.4, '2021-03-20', '04:10:38', 0),
(294, 2, 22.7, 79.1, '2021-03-20', '04:16:37', 1),
(295, 2, 22.7, 80, '2021-03-20', '04:16:42', 0),
(296, 2, 22.7, 81.3, '2021-03-20', '04:16:48', 0),
(297, 2, 22.7, 81, '2021-03-20', '04:16:53', 0),
(298, 2, 22.7, 81.9, '2021-03-20', '04:16:58', 1),
(299, 2, 22.7, 81.7, '2021-03-20', '04:17:04', 1),
(300, 2, 22.8, 81.8, '2021-03-20', '04:17:09', 1),
(301, 2, 22.8, 81.2, '2021-03-20', '04:17:14', 0),
(302, 2, 22.8, 81.8, '2021-03-20', '04:17:20', 0),
(303, 2, 22.8, 81.9, '2021-03-20', '04:17:25', 0),
(304, 2, 22.8, 82.5, '2021-03-20', '04:17:30', 1),
(305, 2, 22.8, 82.4, '2021-03-20', '04:17:36', 1),
(306, 2, 22.9, 82.1, '2021-03-20', '04:17:41', 1),
(307, 2, 22.9, 81.8, '2021-03-20', '04:17:46', 1),
(308, 2, 22.9, 81, '2021-03-20', '04:17:52', 1),
(309, 2, 22.9, 81.2, '2021-03-20', '04:17:57', 1),
(310, 2, 22.9, 81.3, '2021-03-20', '04:18:02', 1),
(311, 2, 22.9, 80.9, '2021-03-20', '04:18:08', 1),
(312, 2, 22.9, 81.6, '2021-03-20', '04:18:13', 1),
(313, 2, 22.9, 81.3, '2021-03-20', '04:18:18', 0),
(314, 2, 22.9, 81.1, '2021-03-20', '04:18:24', 0),
(315, 2, 22.9, 81.1, '2021-03-20', '04:18:29', 0),
(316, 2, 22.9, 80.5, '2021-03-20', '04:18:34', 0),
(317, 2, 22.9, 79.7, '2021-03-20', '04:18:40', 0),
(318, 2, 22.9, 79.4, '2021-03-20', '04:18:45', 0),
(319, 2, 22.9, 79.4, '2021-03-20', '04:18:50', 0),
(320, 2, 22.9, 79.1, '2021-03-20', '04:18:56', 0),
(321, 2, 22.9, 78.9, '2021-03-20', '04:19:01', 0),
(322, 2, 22.8, 78.9, '2021-03-20', '04:19:06', 0),
(323, 2, 22.8, 78.9, '2021-03-20', '04:19:12', 0),
(324, 2, 22.8, 78.9, '2021-03-20', '04:19:17', 0),
(325, 2, 22.8, 78.8, '2021-03-20', '04:19:23', 0),
(326, 2, 22.8, 78.9, '2021-03-20', '04:19:28', 0),
(327, 2, 22.7, 78.8, '2021-03-20', '04:19:33', 0),
(328, 2, 22.7, 78.9, '2021-03-20', '04:19:39', 0),
(329, 2, 22.7, 78.9, '2021-03-20', '04:19:44', 0),
(330, 2, 22.7, 78.9, '2021-03-20', '04:19:49', 0),
(331, 2, 22.7, 78.9, '2021-03-20', '04:19:55', 0),
(332, 2, 22.7, 78.9, '2021-03-20', '04:20:00', 0),
(333, 2, 22.7, 78.9, '2021-03-20', '04:20:05', 0),
(334, 2, 22.6, 78.8, '2021-03-20', '04:20:11', 0),
(335, 2, 22.6, 78.8, '2021-03-20', '04:20:16', 0),
(336, 2, 22.6, 78.9, '2021-03-20', '04:20:21', 0),
(337, 2, 22.6, 79.1, '2021-03-20', '04:20:27', 0),
(338, 2, 22.6, 79.3, '2021-03-20', '04:20:32', 0),
(339, 2, 22.6, 80.2, '2021-03-20', '04:20:37', 0),
(340, 2, 22.6, 80.1, '2021-03-20', '04:20:43', 0),
(341, 2, 24, 77, '2021-03-25', '02:22:27', 0),
(344, 2, 24, 76.9, '2021-03-25', '02:22:43', 0),
(351, 2, 24.1, 77.7, '2021-03-25', '02:23:21', 0),
(352, 2, 24.2, 84.8, '2021-03-25', '02:23:26', 0),
(353, 2, 24.3, 82, '2021-03-25', '02:23:31', 0),
(354, 2, 24.4, 79.2, '2021-03-25', '02:23:36', 0),
(355, 2, 24.4, 78, '2021-03-25', '02:23:42', 0),
(356, 2, 24.4, 77.9, '2021-03-25', '02:23:47', 0),
(357, 2, 24.4, 77.5, '2021-03-25', '02:23:52', 0),
(358, 2, 24.4, 77.3, '2021-03-25', '02:23:58', 0),
(359, 2, 24.4, 77.7, '2021-03-25', '02:24:03', 0),
(360, 2, 24.4, 78.1, '2021-03-25', '02:24:08', 0),
(361, 2, 24.4, 77.7, '2021-03-25', '02:24:14', 0),
(362, 2, 24.4, 77.6, '2021-03-25', '02:24:19', 0),
(363, 2, 24.4, 76.8, '2021-03-25', '02:24:24', 0),
(396, 2, 24.4, 79.7, '2021-03-25', '02:27:21', 0),
(397, 2, 24.4, 80.4, '2021-03-25', '02:27:26', 0),
(398, 2, 24.5, 77.7, '2021-03-25', '02:27:32', 0),
(402, 2, 24.5, 78.5, '2021-03-25', '02:27:53', 0),
(403, 2, 24.6, 82.7, '2021-03-25', '02:27:58', 0),
(404, 2, 24.7, 81.7, '2021-03-25', '02:28:04', 0),
(405, 2, 24.9, 86.4, '2021-03-25', '02:28:09', 0),
(406, 2, 25.1, 88.5, '2021-03-25', '02:28:14', 0),
(420, 3, 24.5, 84.3, '2021-03-25', '02:35:51', 0),
(421, 3, 24.9, 87.3, '2021-03-25', '02:35:56', 0),
(430, 3, 26.4, 87.3, '2021-03-25', '02:36:44', 0),
(431, 3, 26.6, 85.7, '2021-03-25', '02:36:49', 0),
(432, 3, 26.6, 80.1, '2021-03-25', '02:36:55', 0),
(514, 3, 24.9, 84.2, '2021-03-25', '03:01:01', 0),
(544, 1, 25.2, 82.4, '2021-03-25', '03:07:50', 0),
(545, 1, 25.3, 76.8, '2021-03-25', '03:07:56', 0),
(559, 1, 25.3, 77.6, '2021-03-25', '03:09:17', 1),
(575, 2, 22.7, 77.1, '2021-03-25', '03:10:34', 0),
(577, 2, 22.7, 77.2, '2021-03-25', '03:10:40', 0),
(578, 1, 25.3, 78.6, '2021-03-25', '03:10:45', 1),
(579, 2, 22.7, 77.4, '2021-03-25', '03:10:45', 0),
(580, 1, 25.3, 82.4, '2021-03-25', '03:10:51', 1),
(581, 2, 22.8, 79.6, '2021-03-25', '03:10:51', 0),
(582, 1, 25.3, 83.3, '2021-03-25', '03:10:57', 1),
(583, 2, 23.2, 84, '2021-03-25', '03:10:57', 0),
(584, 1, 25.4, 82.4, '2021-03-25', '03:11:03', 1),
(585, 2, 23.7, 86.5, '2021-03-25', '03:11:03', 0),
(586, 1, 25.4, 81.9, '2021-03-25', '03:11:08', 1),
(587, 2, 24.3, 87.7, '2021-03-25', '03:11:09', 0),
(588, 1, 25.5, 79.7, '2021-03-25', '03:11:14', 0),
(589, 2, 24.7, 88.1, '2021-03-25', '03:11:15', 0),
(590, 1, 25.5, 79.8, '2021-03-25', '03:11:20', 0),
(591, 2, 25.1, 88.1, '2021-03-25', '03:11:20', 0),
(592, 1, 25.6, 80, '2021-03-25', '03:11:26', 0),
(593, 2, 25.4, 87.6, '2021-03-25', '03:11:26', 0),
(594, 1, 25.6, 78.8, '2021-03-25', '03:11:32', 0),
(595, 2, 25.6, 86.7, '2021-03-25', '03:11:32', 0),
(596, 1, 25.7, 79.7, '2021-03-25', '03:11:38', 0),
(597, 2, 25.9, 85.9, '2021-03-25', '03:11:38', 0),
(598, 1, 25.7, 79.7, '2021-03-25', '03:11:43', 0),
(599, 2, 26.1, 84.4, '2021-03-25', '03:11:44', 0),
(600, 1, 25.7, 79.4, '2021-03-25', '03:11:49', 0),
(601, 2, 26.3, 82.8, '2021-03-25', '03:11:50', 0),
(602, 1, 25.8, 79.4, '2021-03-25', '03:11:55', 0),
(603, 2, 26.5, 81.3, '2021-03-25', '03:11:56', 0),
(604, 1, 25.9, 79.6, '2021-03-25', '03:12:01', 0),
(605, 2, 26.6, 80.4, '2021-03-25', '03:12:01', 0),
(606, 1, 25.9, 78.4, '2021-03-25', '03:12:07', 0),
(607, 2, 26.8, 79.6, '2021-03-25', '03:12:07', 0),
(608, 1, 26, 77.3, '2021-03-25', '03:12:13', 0),
(609, 2, 26.9, 78.6, '2021-03-25', '03:12:13', 0),
(610, 1, 26, 78.2, '2021-03-25', '03:12:19', 0),
(611, 2, 27, 77.7, '2021-03-25', '03:12:19', 0),
(612, 1, 26, 79.5, '2021-03-25', '03:12:24', 0),
(613, 2, 27.2, 76.9, '2021-03-25', '03:12:25', 0),
(614, 1, 26, 79.7, '2021-03-25', '03:12:30', 0),
(616, 1, 26, 78.9, '2021-03-25', '03:12:36', 0),
(624, 1, 26, 77.3, '2021-03-25', '03:12:59', 0),
(627, 1, 26, 79, '2021-03-25', '03:13:06', 1),
(629, 1, 26.1, 81.8, '2021-03-25', '03:13:13', 1),
(631, 1, 26.1, 80.3, '2021-03-25', '03:13:19', 1),
(632, 1, 26.1, 81.9, '2021-03-25', '03:13:24', 1),
(634, 1, 26.1, 81.5, '2021-03-25', '03:13:30', 1),
(635, 1, 26.2, 81.3, '2021-03-25', '03:13:36', 1),
(636, 1, 26.2, 80.5, '2021-03-25', '03:13:42', 0),
(637, 1, 26.2, 80.6, '2021-03-25', '03:13:49', 0),
(639, 1, 26.2, 80.8, '2021-03-25', '03:13:54', 0),
(641, 1, 26.3, 80.5, '2021-03-25', '03:14:00', 0),
(643, 1, 26.3, 79.5, '2021-03-25', '03:14:06', 0),
(645, 1, 26.3, 79.1, '2021-03-25', '03:14:12', 0),
(647, 1, 26.3, 79, '2021-03-25', '03:14:18', 0),
(649, 1, 26.3, 79.3, '2021-03-25', '03:14:24', 0),
(651, 1, 26.3, 81.4, '2021-03-25', '03:14:30', 0),
(653, 1, 26.4, 77.2, '2021-03-25', '03:14:35', 0),
(664, 1, 26.3, 80.4, '2021-03-25', '03:15:10', 0),
(666, 1, 26.3, 85.1, '2021-03-25', '03:15:16', 0),
(668, 1, 26.2, 85.9, '2021-03-25', '03:15:22', 0),
(670, 1, 26.2, 78.2, '2021-03-25', '03:15:28', 0),
(672, 1, 26.1, 78.3, '2021-03-25', '03:15:34', 0),
(718, 3, 26.8, 67.7, '2021-03-25', '03:19:33', 1),
(719, 3, 26.7, 68.4, '2021-03-25', '03:19:38', 1),
(720, 3, 26.7, 68.8, '2021-03-25', '03:19:44', 1),
(721, 3, 26.7, 70.1, '2021-03-25', '03:19:50', 1),
(722, 3, 26.7, 69.3, '2021-03-25', '03:19:56', 1),
(723, 3, 26.7, 70.1, '2021-03-25', '03:20:02', 1),
(724, 3, 26.7, 71, '2021-03-25', '03:20:08', 1),
(725, 3, 26.7, 70.7, '2021-03-25', '03:20:13', 1),
(726, 3, 26.7, 70.2, '2021-03-25', '03:20:19', 1),
(727, 3, 26.7, 70.5, '2021-03-25', '03:20:25', 1),
(728, 3, 26.7, 69.5, '2021-03-25', '03:20:31', 1),
(729, 3, 26.7, 69.4, '2021-03-25', '03:20:37', 1),
(730, 3, 26.7, 69.2, '2021-03-25', '03:20:43', 1),
(731, 3, 26.7, 68.7, '2021-03-25', '03:20:48', 1),
(732, 3, 26.7, 69.4, '2021-03-25', '03:20:54', 1),
(733, 3, 26.7, 70.2, '2021-03-25', '03:21:00', 1),
(734, 3, 26.7, 69.2, '2021-03-25', '03:21:06', 1),
(735, 3, 26.7, 69.5, '2021-03-25', '03:21:12', 1),
(736, 3, 26.7, 70.1, '2021-03-25', '03:21:17', 1),
(737, 3, 26.7, 70.4, '2021-03-25', '03:21:23', 1),
(738, 3, 26.7, 70.7, '2021-03-25', '03:21:29', 1),
(739, 3, 26.7, 69.8, '2021-03-25', '03:21:35', 1),
(740, 3, 26.6, 68.8, '2021-03-25', '03:21:41', 1),
(741, 3, 26.7, 69.8, '2021-03-25', '03:21:47', 1),
(742, 3, 26.7, 70.4, '2021-03-25', '03:21:53', 1),
(743, 3, 26.7, 70.7, '2021-03-25', '03:21:58', 1),
(744, 3, 26.7, 69.5, '2021-03-25', '03:22:04', 1),
(745, 3, 26.7, 69.3, '2021-03-25', '03:22:10', 1),
(746, 3, 26.7, 69.1, '2021-03-25', '03:22:16', 1),
(747, 3, 26.6, 69.1, '2021-03-25', '03:22:22', 1),
(748, 3, 26.6, 69.3, '2021-03-25', '03:22:28', 1),
(749, 3, 26.7, 70.9, '2021-03-25', '03:22:33', 1),
(750, 3, 26.7, 69.3, '2021-03-25', '03:22:39', 1),
(751, 3, 26.7, 69.5, '2021-03-25', '03:22:45', 1),
(752, 3, 26.7, 70.2, '2021-03-25', '03:22:51', 1),
(753, 3, 26.7, 71.1, '2021-03-25', '03:22:57', 1),
(754, 3, 26.7, 70.9, '2021-03-25', '03:23:03', 1),
(755, 3, 26.7, 70.2, '2021-03-25', '03:23:08', 1),
(756, 3, 26.7, 70.6, '2021-03-25', '03:23:14', 1),
(757, 3, 26.7, 70.6, '2021-03-25', '03:23:20', 1),
(758, 3, 26.7, 70, '2021-03-25', '03:23:26', 1),
(759, 3, 26.7, 69.6, '2021-03-25', '03:23:32', 1),
(760, 3, 26.7, 69.4, '2021-03-25', '03:23:38', 1),
(761, 3, 26.7, 70.5, '2021-03-25', '03:23:43', 1),
(762, 3, 26.7, 71.5, '2021-03-25', '03:23:49', 1),
(773, 1, 27.4, 87.5, '2021-03-25', '03:31:33', 0),
(774, 1, 27.6, 86.8, '2021-03-25', '03:31:39', 0),
(778, 1, 28.2, 87.8, '2021-03-25', '03:32:02', 0),
(779, 1, 28.4, 85.6, '2021-03-25', '03:32:08', 0),
(780, 1, 28.4, 86.5, '2021-03-25', '03:32:14', 0),
(781, 1, 28.5, 86.1, '2021-03-25', '03:32:20', 0),
(782, 1, 28.6, 85.5, '2021-03-25', '03:32:26', 0),
(783, 1, 28.7, 85.3, '2021-03-25', '03:32:31', 0),
(784, 1, 28.7, 84.2, '2021-03-25', '03:32:37', 0),
(785, 1, 28.8, 84.1, '2021-03-25', '03:32:43', 0),
(786, 1, 28.9, 83.6, '2021-03-25', '03:32:49', 0),
(787, 1, 28.9, 82.9, '2021-03-25', '03:32:55', 0),
(788, 1, 29, 83.2, '2021-03-25', '03:33:01', 0),
(789, 1, 29.1, 82, '2021-03-25', '03:33:06', 0),
(797, 1, 28.4, 63.9, '2021-03-25', '03:33:55', 0),
(800, 2, 22.8, 78.8, '2021-03-25', '03:34:32', 0),
(801, 2, 22.8, 78.9, '2021-03-25', '03:34:38', 0),
(802, 2, 22.8, 79.1, '2021-03-25', '03:34:44', 0),
(803, 2, 22.8, 79.2, '2021-03-25', '03:34:50', 0),
(804, 2, 22.8, 79.3, '2021-03-25', '03:34:56', 0),
(805, 2, 22.9, 79.4, '2021-03-25', '03:35:02', 0),
(806, 2, 22.8, 79.5, '2021-03-25', '03:35:08', 0),
(807, 2, 22.8, 79.6, '2021-03-25', '03:35:14', 0),
(808, 2, 22.8, 79.6, '2021-03-25', '03:35:19', 0),
(809, 2, 22.1, 79.2, '2021-03-25', '03:35:25', 0),
(810, 3, 26.9, 68.4, '2021-03-25', '03:35:31', 1),
(811, 2, 22.9, 79.6, '2021-03-25', '03:35:31', 0),
(812, 3, 26.9, 68.5, '2021-03-25', '03:35:36', 1),
(813, 2, 22.9, 79.6, '2021-03-25', '03:35:37', 0),
(814, 3, 26.9, 68.5, '2021-03-25', '03:35:42', 1),
(815, 3, 26.9, 69.1, '2021-03-25', '03:35:48', 1),
(816, 3, 26.9, 68.7, '2021-03-25', '03:35:54', 1),
(817, 3, 26.9, 69.6, '2021-03-25', '03:36:00', 1),
(818, 3, 26.9, 69.1, '2021-03-25', '03:36:22', 1),
(819, 3, 26.9, 68.4, '2021-03-25', '03:36:27', 1),
(820, 3, 21.7, 74.3, '2021-03-26', '08:45:58', 1),
(821, 3, 21.7, 74.3, '2021-03-26', '08:46:04', 1),
(822, 3, 21.7, 74.3, '2021-03-26', '08:46:10', 1),
(823, 3, 21.8, 74.3, '2021-03-26', '08:46:16', 1),
(824, 3, 21.8, 73.8, '2021-03-26', '08:46:22', 1),
(825, 2, 20.1, 80.5, '2021-03-26', '08:50:20', 0),
(826, 2, 21.1, 81.8, '2021-03-26', '08:50:26', 0),
(827, 2, 21, 81.7, '2021-03-26', '08:50:32', 0),
(828, 2, 21, 81.7, '2021-03-26', '08:50:38', 0),
(829, 2, 21, 81.7, '2021-03-26', '08:50:44', 0),
(830, 2, 21, 81.7, '2021-03-26', '08:50:50', 0),
(831, 2, 21, 81.7, '2021-03-26', '08:50:55', 0),
(832, 2, 21, 81.6, '2021-03-26', '08:51:01', 0),
(833, 2, 21, 81.6, '2021-03-26', '08:51:07', 0),
(834, 2, 21, 81.6, '2021-03-26', '08:51:13', 0),
(835, 2, 21.1, 81.7, '2021-03-26', '08:51:19', 0),
(836, 2, 21.1, 81.8, '2021-03-26', '08:51:25', 0),
(837, 2, 21.1, 81.8, '2021-03-26', '08:51:31', 0),
(838, 2, 21, 81.7, '2021-03-26', '08:51:37', 0),
(839, 2, 21.1, 81.7, '2021-03-26', '08:51:42', 0),
(840, 2, 21.1, 81.6, '2021-03-26', '08:51:48', 0),
(841, 2, 21, 81.6, '2021-03-26', '08:51:57', 0),
(842, 2, 21, 81.5, '2021-03-26', '08:52:03', 0),
(843, 2, 21.1, 81.6, '2021-03-26', '08:52:09', 0),
(844, 2, 21.1, 81.5, '2021-03-26', '08:52:15', 0),
(845, 2, 21.1, 81.5, '2021-03-26', '08:52:20', 0),
(846, 1, 21.8, 86.5, '2021-03-26', '08:52:23', 0),
(847, 2, 21.1, 81.4, '2021-03-26', '08:52:26', 0),
(848, 1, 21.7, 86.3, '2021-03-26', '08:52:29', 0),
(849, 2, 21.1, 81.4, '2021-03-26', '08:52:32', 0),
(850, 1, 21.7, 85.8, '2021-03-26', '08:52:35', 0),
(851, 2, 21, 81.3, '2021-03-26', '08:52:38', 0),
(852, 1, 21.7, 86.3, '2021-03-26', '08:52:40', 0),
(853, 2, 21.1, 81.4, '2021-03-26', '08:52:44', 0),
(854, 1, 21.8, 85.3, '2021-03-26', '08:52:46', 0),
(855, 2, 21.1, 81.4, '2021-03-26', '08:52:50', 0),
(856, 1, 21.8, 86, '2021-03-26', '08:52:52', 0),
(857, 2, 21.1, 81.4, '2021-03-26', '08:52:56', 0),
(858, 1, 21.8, 86.2, '2021-03-26', '08:52:58', 0),
(859, 2, 21.1, 81.4, '2021-03-26', '08:53:01', 0),
(860, 1, 21.8, 86, '2021-03-26', '08:53:04', 0),
(861, 2, 21.1, 81.3, '2021-03-26', '08:53:07', 0),
(862, 1, 21.8, 85.3, '2021-03-26', '08:53:10', 0),
(863, 2, 21.1, 81.3, '2021-03-26', '08:53:13', 0),
(864, 1, 21.9, 84.1, '2021-03-26', '08:53:15', 0),
(865, 2, 21.1, 81.3, '2021-03-26', '08:53:19', 0),
(866, 1, 21.9, 83.2, '2021-03-26', '08:53:21', 0),
(867, 2, 21.1, 81.2, '2021-03-26', '08:53:25', 0),
(868, 1, 21.9, 83.3, '2021-03-26', '08:53:27', 0),
(869, 2, 21.1, 81.2, '2021-03-26', '08:53:31', 0),
(870, 2, 21.1, 81.2, '2021-03-26', '08:53:36', 0),
(871, 2, 21.1, 81.2, '2021-03-26', '08:53:42', 0),
(872, 2, 21.1, 81.2, '2021-03-26', '08:53:48', 0),
(873, 2, 21.1, 81.3, '2021-03-26', '08:53:54', 0),
(874, 2, 21.1, 81.3, '2021-03-26', '08:54:00', 0),
(875, 2, 21.1, 81.3, '2021-03-26', '08:54:06', 0),
(876, 3, 22.2, 73.8, '2021-03-26', '08:55:21', 1),
(877, 3, 22.2, 73.8, '2021-03-26', '08:55:31', 1),
(878, 3, 22.2, 74.4, '2021-03-26', '08:55:36', 1),
(879, 3, 22.3, 73.5, '2021-03-26', '08:55:48', 1),
(880, 1, 22.1, 80.9, '2021-03-26', '08:55:50', 0),
(881, 3, 22.3, 73.3, '2021-03-26', '08:55:54', 1),
(882, 1, 22.1, 81.6, '2021-03-26', '08:55:55', 0),
(883, 1, 22.1, 81.3, '2021-03-26', '08:56:01', 0),
(884, 1, 22.1, 82, '2021-03-26', '08:56:07', 0),
(885, 1, 22.1, 82.9, '2021-03-26', '08:56:13', 0),
(886, 1, 22.1, 81.9, '2021-03-26', '08:56:19', 0),
(887, 1, 22.2, 81.4, '2021-03-26', '08:56:25', 0),
(888, 1, 22.2, 81.1, '2021-03-26', '08:56:30', 0),
(889, 1, 22.2, 80.8, '2021-03-26', '08:56:36', 0),
(890, 1, 22.2, 80.6, '2021-03-26', '08:56:42', 0),
(891, 1, 22.2, 80.5, '2021-03-26', '08:56:48', 0),
(892, 1, 22.2, 80.4, '2021-03-26', '08:56:54', 0),
(893, 2, 19.6, 79.2, '2021-03-26', '09:00:02', 0),
(894, 3, 22.3, 73.2, '2021-03-26', '09:00:05', 1),
(895, 3, 22.3, 73.3, '2021-03-26', '09:00:06', 1),
(896, 1, 22.4, 79.7, '2021-03-26', '09:00:07', 0),
(897, 2, 21.5, 81, '2021-03-26', '09:00:07', 0),
(898, 3, 22.4, 73.8, '2021-03-26', '09:00:11', 1),
(899, 1, 22.4, 79.8, '2021-03-26', '09:00:13', 0),
(900, 2, 21.5, 80.8, '2021-03-26', '09:00:13', 0),
(901, 1, 22.4, 79.1, '2021-03-26', '09:00:16', 0),
(902, 3, 22.3, 72.7, '2021-03-26', '09:00:17', 1),
(903, 1, 22.4, 79.8, '2021-03-26', '09:00:18', 0),
(904, 2, 21.4, 80.4, '2021-03-26', '09:00:20', 0),
(905, 1, 22.4, 79.7, '2021-03-26', '09:00:24', 0),
(906, 2, 21.6, 80.5, '2021-03-26', '09:00:25', 0),
(907, 3, 22.3, 73.7, '2021-03-26', '09:00:26', 1),
(908, 1, 22.4, 79.6, '2021-03-26', '09:00:30', 0),
(909, 2, 21.5, 80.4, '2021-03-26', '09:00:31', 0),
(910, 3, 22.3, 75.1, '2021-03-26', '09:00:34', 1),
(911, 1, 22.4, 79.6, '2021-03-26', '09:00:36', 0),
(912, 2, 21.5, 80.3, '2021-03-26', '09:00:37', 0),
(913, 3, 22.3, 77.4, '2021-03-26', '09:00:40', 1),
(914, 1, 22.4, 79.7, '2021-03-26', '09:00:42', 0),
(915, 2, 21.3, 80.1, '2021-03-26', '09:00:43', 0),
(916, 3, 22.3, 79, '2021-03-26', '09:00:46', 1),
(917, 1, 22.4, 79.4, '2021-03-26', '09:00:48', 0),
(918, 2, 21.5, 80.6, '2021-03-26', '09:00:49', 0),
(919, 3, 22.3, 79.1, '2021-03-26', '09:00:52', 1),
(920, 1, 22.4, 79.3, '2021-03-26', '09:00:53', 0),
(921, 2, 21.6, 80.7, '2021-03-26', '09:00:55', 0),
(922, 3, 22.3, 76.2, '2021-03-26', '09:00:58', 1),
(923, 1, 22.4, 79.2, '2021-03-26', '09:00:59', 0),
(924, 2, 21.6, 81.2, '2021-03-26', '09:01:01', 0),
(925, 3, 22.3, 74.4, '2021-03-26', '09:01:04', 1),
(926, 1, 22.4, 79.2, '2021-03-26', '09:01:05', 0),
(927, 2, 21.6, 81, '2021-03-26', '09:01:08', 0),
(928, 2, 21.7, 81.4, '2021-03-26', '09:01:15', 0),
(931, 3, 22.3, 73.3, '2021-03-26', '09:25:50', 1),
(932, 1, 23.9, 76.9, '2021-03-26', '09:25:55', 0),
(934, 3, 22.3, 73.4, '2021-03-26', '09:25:55', 1),
(935, 1, 24, 77.2, '2021-03-26', '09:26:00', 0),
(937, 3, 22.3, 73, '2021-03-26', '09:26:04', 1),
(938, 1, 24, 77.2, '2021-03-26', '09:26:06', 0),
(940, 1, 24, 77.7, '2021-03-26', '09:26:12', 0),
(941, 3, 22.3, 73.3, '2021-03-26', '09:26:12', 1),
(943, 1, 24, 76.9, '2021-03-26', '09:26:18', 0),
(944, 3, 22.3, 73.1, '2021-03-26', '09:26:21', 1),
(946, 2, 23.3, 77.2, '2021-03-26', '09:26:25', 0),
(947, 3, 22.3, 72.9, '2021-03-26', '09:26:29', 1),
(949, 2, 23.3, 77.2, '2021-03-26', '09:26:30', 0),
(950, 3, 22.4, 73.9, '2021-03-26', '09:26:35', 1),
(951, 1, 24.1, 76.8, '2021-03-26', '09:26:35', 0),
(954, 3, 22.4, 73.8, '2021-03-26', '09:26:43', 1),
(955, 1, 24.1, 86.3, '2021-03-26', '09:26:47', 0),
(957, 3, 22.4, 73.7, '2021-03-26', '09:26:52', 1),
(971, 3, 22.5, 71, '2021-03-26', '09:27:46', 1),
(972, 3, 22.5, 70.9, '2021-03-26', '09:27:54', 1),
(973, 1, 25.1, 86.9, '2021-03-26', '09:27:56', 0),
(974, 1, 25.1, 86.1, '2021-03-26', '09:28:02', 0),
(975, 3, 22.6, 71.2, '2021-03-26', '09:28:02', 1),
(978, 3, 22.6, 70.7, '2021-03-26', '09:28:11', 1),
(980, 2, 22.4, 76.8, '2021-03-26', '09:28:15', 0),
(981, 3, 22.6, 71.4, '2021-03-26', '09:28:19', 1),
(985, 2, 22.4, 77, '2021-03-26', '09:28:27', 0),
(986, 3, 22.6, 71.7, '2021-03-26', '09:28:28', 1),
(988, 2, 22.4, 76.8, '2021-03-26', '09:28:32', 0),
(989, 3, 22.6, 70.9, '2021-03-26', '09:28:36', 1),
(991, 2, 22.5, 77.5, '2021-03-26', '09:28:38', 0),
(993, 2, 22.5, 77.5, '2021-03-26', '09:28:44', 0),
(994, 3, 22.6, 71.6, '2021-03-26', '09:28:45', 1),
(995, 1, 25.1, 62.4, '2021-09-16', '23:25:19', 0),
(996, 1, 25.1, 62.5, '2021-09-16', '23:25:31', 0),
(997, 1, 25.1, 61.4, '2021-09-16', '23:25:43', 0),
(998, 1, 25.1, 61.4, '2021-09-16', '23:25:54', 0),
(999, 1, 25.1, 61.8, '2021-09-16', '23:26:06', 0),
(1000, 1, 25.1, 61.2, '2021-09-16', '23:26:18', 0),
(1001, 1, 25, 60.5, '2021-09-16', '23:26:30', 0),
(1002, 1, 25, 60.6, '2021-09-16', '23:26:41', 0),
(1003, 1, 25, 61, '2021-09-16', '23:26:53', 0),
(1004, 1, 25, 60.1, '2021-09-16', '23:27:05', 0),
(1005, 3, 24.9, 60.2, '2021-09-16', '23:27:43', 0),
(1006, 3, 24.9, 60.1, '2021-09-16', '23:27:55', 0),
(1007, 3, 24.9, 59.9, '2021-09-16', '23:28:06', 0),
(1008, 3, 24.9, 60.5, '2021-09-16', '23:28:18', 0),
(1009, 3, 24.9, 60, '2021-09-16', '23:28:30', 0),
(1010, 3, 24.9, 61.1, '2021-09-16', '23:28:42', 0),
(1011, 3, 24.9, 61.8, '2021-09-16', '23:28:54', 0),
(1012, 3, 24.9, 60.5, '2021-09-16', '23:29:05', 0),
(1013, 3, 25, 61.4, '2021-09-16', '23:29:17', 0),
(1014, 3, 25, 60.9, '2021-09-16', '23:29:29', 0),
(1015, 3, 25.1, 62.1, '2021-09-16', '23:29:41', 0),
(1016, 3, 25.1, 61.4, '2021-09-16', '23:29:52', 0),
(1017, 3, 21.6, 68.3, '2021-09-17', '07:42:33', 0),
(1018, 3, 21.7, 67.7, '2021-09-17', '07:42:45', 0),
(1019, 3, 21.7, 68.4, '2021-09-17', '07:42:57', 0),
(1020, 3, 21.7, 66.7, '2021-09-17', '07:43:09', 0),
(1021, 3, 21.7, 66.1, '2021-09-17', '07:43:20', 0),
(1022, 3, 21.7, 67.2, '2021-09-17', '07:43:32', 0),
(1023, 3, 21.8, 67.1, '2021-09-17', '07:43:44', 0),
(1024, 3, 21.8, 66, '2021-09-17', '07:43:56', 0),
(1025, 3, 21.8, 65.2, '2021-09-17', '07:44:08', 0),
(1026, 3, 21.8, 65.1, '2021-09-17', '07:44:20', 0),
(1027, 3, 21.7, 64.5, '2021-09-17', '07:57:14', 0),
(1028, 3, 21.8, 64.5, '2021-09-17', '07:57:26', 0),
(1029, 3, 21.8, 64.5, '2021-09-17', '07:57:37', 0),
(1030, 3, 21.8, 64.4, '2021-09-17', '07:57:49', 0),
(1031, 3, 21.8, 64.3, '2021-09-17', '07:58:01', 0),
(1032, 3, 21.8, 64.4, '2021-09-17', '07:58:13', 0),
(1033, 3, 21.8, 64.4, '2021-09-17', '07:58:24', 0),
(1034, 3, 21.7, 64.4, '2021-09-17', '07:58:36', 0),
(1035, 3, 21.8, 64.3, '2021-09-17', '07:58:48', 0),
(1036, 3, 21.8, 64.3, '2021-09-17', '07:59:00', 0),
(1037, 3, 21.8, 64.3, '2021-09-17', '07:59:12', 0),
(1038, 3, 21.8, 64.3, '2021-09-17', '07:59:24', 0),
(1039, 3, 21.8, 64.3, '2021-09-17', '07:59:35', 0),
(1040, 3, 21.7, 64.3, '2021-09-17', '07:59:47', 0),
(1041, 3, 21.8, 64.3, '2021-09-17', '07:59:59', 0),
(1042, 2, 21.8, 64.3, '2021-09-17', '08:00:38', 0),
(1043, 2, 21.8, 64.3, '2021-09-17', '08:00:50', 0),
(1044, 2, 21.8, 64.5, '2021-09-17', '08:01:02', 0),
(1045, 2, 21.8, 64.3, '2021-09-17', '08:01:14', 0),
(1046, 2, 21.8, 64.3, '2021-09-17', '08:01:26', 0),
(1047, 2, 21.8, 64.2, '2021-09-17', '08:01:38', 0),
(1048, 2, 21.8, 64.3, '2021-09-17', '08:01:50', 0),
(1049, 2, 21.8, 64.2, '2021-09-17', '08:02:01', 0),
(1050, 2, 21.8, 64.2, '2021-09-17', '08:02:13', 0),
(1051, 2, 21.8, 64.2, '2021-09-17', '08:02:25', 0),
(1052, 2, 21.8, 64.2, '2021-09-17', '08:02:37', 0),
(1053, 2, 21.8, 64.1, '2021-09-17', '08:02:49', 0),
(1054, 2, 21.8, 64.2, '2021-09-17', '08:03:01', 0),
(1055, 2, 21.8, 64.2, '2021-09-17', '08:03:13', 0),
(1056, 2, 21.8, 64.2, '2021-09-17', '08:03:25', 0),
(1057, 2, 21.8, 64.2, '2021-09-17', '08:03:36', 0),
(1058, 1, 21.8, 64.2, '2021-09-17', '08:04:15', 0),
(1059, 1, 21.8, 64.2, '2021-09-17', '08:04:27', 0),
(1060, 1, 21.8, 64.2, '2021-09-17', '08:04:39', 0),
(1061, 1, 21.8, 64.2, '2021-09-17', '08:04:51', 0),
(1062, 1, 21.8, 64.2, '2021-09-17', '08:05:03', 0),
(1063, 1, 21.8, 64.2, '2021-09-17', '08:05:14', 0),
(1064, 1, 21.8, 64.1, '2021-09-17', '08:05:26', 0),
(1065, 1, 21.8, 64.1, '2021-09-17', '08:05:38', 0),
(1066, 1, 21.8, 64.1, '2021-09-17', '08:05:50', 0),
(1067, 1, 21.8, 64.1, '2021-09-17', '08:06:02', 0),
(1068, 1, 21.8, 64.1, '2021-09-17', '08:06:14', 0),
(1069, 1, 21.8, 64.1, '2021-09-17', '08:06:26', 0),
(1070, 1, 21.8, 64.1, '2021-09-17', '08:06:38', 0),
(1071, 1, 21.8, 64.1, '2021-09-17', '08:06:49', 0),
(1072, 1, 21.8, 64.1, '2021-09-17', '08:07:01', 0),
(1083, 1, 20.5, 80.9, '2021-09-17', '09:17:07', 0),
(1087, 1, 22.3, 81.5, '2021-09-17', '09:17:57', 0),
(1089, 1, 22.6, 91.5, '2021-09-17', '09:18:20', 1),
(1101, 1, 24.6, 60.1, '2021-09-17', '09:20:43', 1),
(1103, 1, 24, 54.2, '2021-09-17', '09:21:06', 1),
(1104, 1, 24.3, 56.9, '2021-09-17', '09:21:18', 1),
(1105, 1, 23.3, 63, '2021-09-17', '09:21:30', 1),
(1107, 1, 25.7, 62.3, '2021-09-17', '09:21:54', 1),
(1108, 1, 23.9, 61.1, '2021-09-17', '09:22:06', 1),
(1109, 1, 26.2, 63.2, '2021-09-17', '09:22:18', 1),
(1110, 1, 25.8, 56.8, '2021-09-17', '09:22:29', 1),
(1111, 1, 23.4, 62.3, '2021-09-17', '09:22:41', 1),
(1113, 1, 25.4, 62.3, '2021-09-17', '09:23:05', 1),
(1115, 1, 22.5, 71.3, '2021-09-17', '09:23:30', 1),
(1116, 1, 23.3, 57.7, '2021-09-17', '09:23:42', 1),
(1117, 1, 19.4, 60.7, '2021-09-17', '09:23:54', 1),
(1119, 1, 23.1, 57.5, '2021-09-17', '09:24:18', 1),
(1120, 1, 21.4, 56.5, '2021-09-17', '09:24:30', 1),
(1121, 1, 23.9, 66, '2021-09-17', '09:24:42', 1),
(1122, 1, 22.8, 56.6, '2021-09-17', '09:24:54', 1),
(1123, 1, 22.7, 60.1, '2021-09-17', '09:25:06', 1),
(1124, 1, 23.5, 61.2, '2021-09-17', '09:25:18', 1),
(1125, 1, 23.4, 58.1, '2021-09-17', '09:25:30', 1),
(1126, 1, 21.8, 60.6, '2021-09-17', '09:25:41', 1),
(1127, 1, 22.3, 63.2, '2021-09-17', '09:25:53', 1),
(1128, 1, 21.5, 56.3, '2021-09-17', '09:26:05', 1),
(1129, 1, 23.6, 63.9, '2021-09-17', '09:26:17', 1),
(1130, 1, 23.7, 60.8, '2021-09-17', '09:26:29', 1),
(1131, 1, 23.7, 58.1, '2021-09-17', '09:26:41', 1),
(1132, 1, 23.2, 63.6, '2021-09-17', '09:26:53', 1),
(1133, 1, 21, 57.8, '2021-09-17', '09:27:05', 1),
(1134, 1, 20.9, 55.1, '2021-09-17', '09:27:17', 1),
(1135, 1, 20.9, 56.1, '2021-09-17', '09:27:29', 1),
(1136, 1, 20.8, 59.6, '2021-09-17', '09:27:41', 1),
(1137, 1, 21.9, 57.3, '2021-09-17', '09:27:53', 1),
(1138, 1, 23.7, 58.8, '2021-09-17', '09:28:05', 1),
(1139, 1, 21.3, 59.8, '2021-09-17', '09:28:16', 1),
(1140, 1, 22.3, 57.9, '2021-09-17', '09:28:28', 1),
(1141, 1, 23.2, 60.1, '2021-09-17', '09:28:40', 1),
(1142, 1, 22.8, 63.3, '2021-09-17', '09:28:52', 1),
(1143, 1, 22.5, 60.9, '2021-09-17', '09:29:04', 1),
(1144, 1, 22.6, 61, '2021-09-17', '09:29:16', 1),
(1146, 1, 22.2, 65.6, '2021-09-17', '09:29:40', 1),
(1147, 1, 22, 62.8, '2021-09-17', '09:29:52', 1),
(1148, 1, 21.5, 61.1, '2021-09-17', '09:30:04', 1),
(1149, 1, 21.9, 62.8, '2021-09-17', '09:30:16', 1),
(1150, 1, 20.8, 61.5, '2021-09-17', '09:30:28', 1),
(1151, 1, 23.5, 62, '2021-09-17', '09:30:39', 1),
(1157, 1, 0, 0, '2021-09-17', '09:46:36', 1),
(1158, 1, 0, 0, '2021-09-17', '09:46:48', 1),
(1159, 1, 0, 0, '2021-09-17', '09:47:01', 1),
(1160, 1, 0, 0, '2021-09-17', '09:47:13', 1),
(1161, 1, 0, 0, '2021-09-17', '09:47:25', 1),
(1162, 1, 0, 0, '2021-09-17', '09:47:37', 1),
(1163, 1, 0, 0, '2021-09-17', '09:47:49', 1),
(1164, 1, 0, 0, '2021-09-17', '09:48:00', 1),
(1165, 1, 0, 0, '2021-09-17', '09:48:12', 1),
(1166, 1, 0, 0, '2021-09-17', '09:48:24', 1),
(1167, 1, 0, 0, '2021-09-17', '09:48:36', 1),
(1168, 1, 0, 0, '2021-09-17', '09:48:48', 1),
(1169, 1, 0, 0, '2021-09-17', '09:49:00', 1),
(1170, 1, 0, 0, '2021-09-17', '09:49:12', 1),
(1171, 1, 0, 0, '2021-09-17', '09:49:24', 1),
(1172, 1, 0, 0, '2021-09-17', '09:49:36', 1),
(1173, 1, 0, 0, '2021-09-17', '09:49:48', 1),
(1174, 1, 0, 0, '2021-09-17', '09:49:59', 1),
(1175, 1, 0, 0, '2021-09-17', '09:50:11', 1),
(1176, 1, 0, 0, '2021-09-17', '09:50:23', 1),
(1177, 1, 0, 0, '2021-09-17', '09:50:35', 1),
(1178, 1, 23.9, 68.9, '2021-09-17', '09:52:22', 1),
(1179, 1, 22.9, 70.9, '2021-09-17', '09:52:34', 1),
(1180, 1, 24.3, 80.2, '2021-09-17', '09:52:58', 1),
(1181, 1, 23.6, 83.5, '2021-09-17', '09:53:57', 1),
(1182, 1, 23.6, 78.1, '2021-09-17', '09:54:09', 1),
(1183, 1, 24, 81.4, '2021-09-17', '09:55:41', 1),
(1184, 1, 20.4, 79.7, '2021-09-17', '09:55:53', 1),
(1185, 1, 21, 79.4, '2021-09-17', '09:56:53', 1),
(1186, 1, 25.9, 87.9, '2021-09-17', '09:57:05', 1),
(1187, 1, 23.8, 78.2, '2021-09-17', '09:57:17', 1),
(1188, 1, 23.7, 72.5, '2021-09-17', '09:57:41', 1),
(1189, 1, 22.4, 78, '2021-09-17', '09:58:16', 1),
(1190, 1, 22.6, 73.3, '2021-09-17', '09:58:40', 1),
(1191, 1, 20.8, 76.9, '2021-09-17', '10:00:03', 1),
(1192, 1, 23.5, 70.4, '2021-09-17', '10:00:27', 1),
(1193, 1, 22.5, 72.9, '2021-09-17', '10:02:01', 1),
(1194, 1, 23.3, 76.6, '2021-09-17', '10:02:13', 1),
(1195, 1, 23.6, 71.3, '2021-09-17', '10:02:40', 1),
(1196, 1, 23.1, 72.2, '2021-09-17', '10:04:56', 1),
(1197, 1, 25, 78.3, '2021-09-17', '10:05:32', 1),
(1198, 1, 24.1, 83.8, '2021-09-17', '10:06:07', 1),
(1199, 1, 22.5, 76.9, '2021-09-17', '10:06:42', 1),
(1200, 1, 21, 80.7, '2021-09-17', '10:07:18', 1),
(1201, 1, 23.2, 79.5, '2021-09-17', '10:08:29', 1),
(1202, 1, 26.8, 75.6, '2021-09-17', '10:08:52', 1),
(1203, 1, 22.6, 78, '2021-09-17', '10:10:03', 1),
(1204, 1, 25.9, 76.8, '2021-09-17', '10:10:15', 1),
(1205, 1, 22.7, 69.9, '2021-09-17', '10:12:13', 1),
(1206, 1, 23.2, 70.7, '2021-09-17', '10:13:24', 1),
(1207, 1, 22, 73.3, '2021-09-17', '10:13:59', 1),
(1208, 1, 20.6, 72.1, '2021-09-17', '10:14:47', 1),
(1209, 1, 22.8, 67.9, '2021-09-17', '10:16:45', 1),
(1210, 1, 22.8, 65.2, '2021-09-17', '10:16:57', 1),
(1211, 1, 22.9, 66.4, '2021-09-17', '10:17:20', 1),
(1212, 1, 24.3, 69.7, '2021-09-17', '10:18:20', 1),
(1213, 1, 21.9, 62.5, '2021-09-17', '10:18:43', 1),
(1214, 1, 21.5, 71.5, '2021-09-17', '10:19:31', 1),
(1215, 1, 22.9, 66.4, '2021-09-17', '10:19:43', 1),
(1216, 1, 22.2, 61.4, '2021-09-17', '10:20:18', 1),
(1217, 1, 22.2, 64.4, '2021-09-17', '10:20:48', 1),
(1218, 1, 21.5, 63.3, '2021-09-17', '10:21:00', 1),
(1219, 1, 22.8, 61.1, '2021-09-17', '10:21:23', 1),
(1220, 1, 21.5, 61.7, '2021-09-17', '10:22:23', 1),
(1221, 1, 21.1, 61.8, '2021-09-17', '10:22:46', 1),
(1222, 1, 23.8, 63.2, '2021-09-17', '10:22:57', 1),
(1223, 1, 24.9, 64.5, '2021-09-17', '10:31:37', 1),
(1224, 1, 23.8, 57.1, '2021-09-17', '10:31:49', 1),
(1225, 1, 23.2, 56.1, '2021-09-17', '10:32:01', 1),
(1226, 1, 23.2, 56.5, '2021-09-17', '10:32:12', 1),
(1227, 1, 23.3, 58.1, '2021-09-17', '10:32:24', 1),
(1228, 1, 23, 58.6, '2021-09-17', '10:32:36', 1),
(1229, 1, 21.3, 57.2, '2021-09-17', '10:32:48', 1),
(1230, 1, 22.3, 62.4, '2021-09-17', '10:33:00', 1),
(1231, 1, 23.8, 63.4, '2021-09-17', '10:33:14', 1),
(1232, 1, 24.5, 59.5, '2021-09-17', '10:33:26', 1),
(1233, 1, 23.2, 59, '2021-09-17', '10:33:38', 1),
(1234, 1, 23.2, 59.7, '2021-09-17', '10:33:50', 1),
(1235, 1, 23.2, 66.1, '2021-09-17', '10:34:02', 0),
(1236, 1, 22.7, 62.7, '2021-09-17', '10:34:26', 1),
(1237, 1, 24.1, 62.1, '2021-09-17', '10:34:38', 1),
(1238, 1, 22.5, 63.9, '2021-09-17', '10:34:50', 1),
(1239, 1, 23.2, 62.7, '2021-09-17', '10:35:01', 1),
(1240, 1, 21.9, 60, '2021-09-17', '10:35:13', 1),
(1241, 1, 22.7, 63.5, '2021-09-17', '10:35:49', 1),
(1242, 1, 23.9, 63.5, '2021-09-17', '10:36:13', 1),
(1243, 1, 25.1, 62.2, '2021-09-17', '10:36:28', 1),
(1244, 1, 23, 63, '2021-09-17', '10:36:39', 1),
(1245, 1, 23.8, 60.7, '2021-09-17', '10:36:51', 1);

-- --------------------------------------------------------

--
-- Table structure for table `datos_ponderados`
--

CREATE TABLE `datos_ponderados` (
  `id` int(11) NOT NULL,
  `enfermedad` varchar(30) NOT NULL,
  `prob_temp` int(11) NOT NULL,
  `prob_hum` int(11) NOT NULL,
  `prob_lluvia` int(11) NOT NULL
) ENGINE=InnoDB DEFAULT CHARSET=utf8mb4;

--
-- Dumping data for table `datos_ponderados`
--

INSERT INTO `datos_ponderados` (`id`, `enfermedad`, `prob_temp`, `prob_hum`, `prob_lluvia`) VALUES
(1, 'fiebre_amarilla', 60, 30, 10),
(2, 'dengue', 15, 34, 51);

-- --------------------------------------------------------

--
-- Table structure for table `datos_ubicaciones`
--

CREATE TABLE `datos_ubicaciones` (
  `id` int(11) NOT NULL,
  `latitud` varchar(200) NOT NULL,
  `longitud` varchar(200) NOT NULL,
  `id_tarj` varchar(10) NOT NULL,
  `fecha` date NOT NULL,
  `hora` varchar(12) NOT NULL,
  `altitud` float NOT NULL,
  `velocidad` float NOT NULL
) ENGINE=InnoDB DEFAULT CHARSET=latin1;

--
-- Dumping data for table `datos_ubicaciones`
--

INSERT INTO `datos_ubicaciones` (`id`, `latitud`, `longitud`, `id_tarj`, `fecha`, `hora`, `altitud`, `velocidad`) VALUES
(1, '2.44800', '-76.61000', '1', '2019-03-31', '12:54:05', 1862, 0.06),
(2, '2.44600', '-76.60900', '1', '2019-03-31', '12:54:14', 1862.6, 0.06),
(3, '2.44300', '-76.61200', '1', '2019-03-31', '12:54:24', 1863.1, 0.06),
(4, '2.45000', '-76.61000', '1', '2019-03-31', '12:54:33', 1863.1, 0.06),
(5, '2.44100', '-76.60000', '1', '2019-03-31', '12:54:43', 1863.1, 0.24),
(6, '2.44150', '-76.60000', '1', '2019-03-31', '12:54:52', 1865.9, 0.24),
(7, '2.44102', '-76.62000', '1', '2019-03-31', '12:55:02', 1865.9, 0.24),
(8, '2.44308', '-76.61200', '1', '2019-03-31', '12:55:12', 1864.9, 0.22),
(9, '2.44000', '-76.61100', '1', '2019-03-31', '12:55:21', 1864.9, 0.22),
(10, '2.44120', '-76.61200', '1', '2019-03-31', '12:55:30', 1864.9, 0.22),
(187, '2.46544', '-76.59035', '1', '2021-09-16', '23:25:19', 1783.6, 0.07),
(188, '2.46544', '-76.59035', '1', '2021-09-16', '23:25:31', 1783.6, 0.06),
(189, '2.46544', '-76.59035', '1', '2021-09-16', '23:25:43', 1782.1, 0.06),
(190, '2.46544', '-76.59035', '1', '2021-09-16', '23:25:54', 1782.1, 0.06),
(191, '2.46545', '-76.59035', '1', '2021-09-16', '23:26:06', 1778.7, 0.15),
(192, '2.46544', '-76.59034', '1', '2021-09-16', '23:26:18', 1780.2, 0.5),
(193, '2.46544', '-76.59034', '1', '2021-09-16', '23:26:30', 1780.2, 0.5),
(194, '2.46545', '-76.59034', '1', '2021-09-16', '23:26:41', 1780.2, 0.04),
(195, '2.46546', '-76.59036', '1', '2021-09-16', '23:26:53', 1775.6, 0.04),
(196, '2.46546', '-76.59037', '1', '2021-09-16', '23:27:05', 1775.4, 0.07),
(197, '2.46548', '-76.59042', '3', '2021-09-16', '23:27:43', 1772.7, 0.15),
(198, '2.46547', '-76.59040', '3', '2021-09-16', '23:27:55', 1772.7, 0.46),
(199, '2.46547', '-76.59040', '3', '2021-09-16', '23:28:06', 1775.9, 0.46),
(200, '2.46544', '-76.59036', '3', '2021-09-16', '23:28:18', 1787, 0.46),
(201, '2.46542', '-76.59034', '3', '2021-09-16', '23:28:30', 1791.5, 0.56),
(202, '2.46542', '-76.59034', '3', '2021-09-16', '23:28:42', 1791.5, 0.28),
(203, '2.46542', '-76.59034', '3', '2021-09-16', '23:28:54', 1792.6, 0.28),
(204, '2.46543', '-76.59036', '3', '2021-09-16', '23:29:05', 1792.6, 0.65),
(205, '2.46545', '-76.59036', '3', '2021-09-16', '23:29:17', 1784.7, 0.65),
(206, '2.46544', '-76.59035', '3', '2021-09-16', '23:29:29', 1784.9, 0.11),
(207, '2.46544', '-76.59036', '3', '2021-09-16', '23:29:41', 1784.9, 0.15),
(208, '2.46544', '-76.59036', '3', '2021-09-16', '23:29:52', 1783.6, 0.15),
(209, '2.46534', '-76.59028', '3', '2021-09-17', '07:42:33', 1816, 0),
(210, '2.46537', '-76.59031', '3', '2021-09-17', '07:42:45', 1800.2, 0.09),
(211, '2.46542', '-76.59034', '3', '2021-09-17', '07:42:57', 1783.8, 0),
(212, '2.46546', '-76.59037', '3', '2021-09-17', '07:43:09', 1783.8, 0.06),
(213, '2.46546', '-76.59037', '3', '2021-09-17', '07:43:20', 1772.5, 0.06),
(214, '2.46546', '-76.59037', '3', '2021-09-17', '07:43:32', 1772.5, 0.06),
(215, '2.46546', '-76.59040', '3', '2021-09-17', '07:43:44', 1770.7, 0.06),
(216, '2.46545', '-76.59039', '3', '2021-09-17', '07:43:56', 1772.7, 0.04),
(217, '2.46543', '-76.59037', '3', '2021-09-17', '07:44:08', 1778.6, 0.2),
(218, '2.46542', '-76.59034', '3', '2021-09-17', '07:44:20', 1784.3, 0.37),
(219, '2.46541', '-76.59035', '3', '2021-09-17', '07:57:14', 1767.6, 0.19),
(220, '2.46542', '-76.59035', '3', '2021-09-17', '07:57:26', 1772.8, 0.39),
(221, '2.46542', '-76.59035', '3', '2021-09-17', '07:57:37', 1772.8, 0.39),
(222, '2.46542', '-76.59035', '3', '2021-09-17', '07:57:49', 1772.8, 0.39),
(223, '2.46543', '-76.59036', '3', '2021-09-17', '07:58:01', 1772.8, 0.13),
(224, '2.46544', '-76.59036', '3', '2021-09-17', '07:58:13', 1772.8, 0.17),
(225, '2.46544', '-76.59036', '3', '2021-09-17', '07:58:24', 1772.8, 0.17),
(226, '2.46544', '-76.59036', '3', '2021-09-17', '07:58:36', 1772.8, 0.17),
(227, '2.46544', '-76.59035', '3', '2021-09-17', '07:58:48', 1786.1, 0.17),
(228, '2.46545', '-76.59035', '3', '2021-09-17', '07:59:00', 1784.4, 0.28),
(229, '2.46546', '-76.59033', '3', '2021-09-17', '07:59:12', 1779, 1.26),
(230, '2.46546', '-76.59033', '3', '2021-09-17', '07:59:24', 1779, 1.26),
(231, '2.46546', '-76.59033', '3', '2021-09-17', '07:59:35', 1779, 1.26),
(232, '2.46547', '-76.59035', '3', '2021-09-17', '07:59:47', 1780.1, 0.41),
(233, '2.46546', '-76.59035', '3', '2021-09-17', '07:59:59', 1780.2, 0.13),
(234, '2.46545', '-76.59035', '2', '2021-09-17', '08:00:38', 1782.2, 0),
(235, '2.46546', '-76.59034', '2', '2021-09-17', '08:00:50', 1777.6, 0),
(236, '2.46546', '-76.59034', '2', '2021-09-17', '08:01:02', 1776.3, 0.43),
(237, '2.46546', '-76.59033', '2', '2021-09-17', '08:01:14', 1777.7, 0.19),
(238, '2.46546', '-76.59033', '2', '2021-09-17', '08:01:26', 1777.7, 0.19),
(239, '2.46546', '-76.59033', '2', '2021-09-17', '08:01:38', 1777.7, 0.19),
(240, '2.46546', '-76.59033', '2', '2021-09-17', '08:01:50', 1777.7, 0.19),
(241, '2.46546', '-76.59033', '2', '2021-09-17', '08:02:01', 1777.7, 0.19),
(242, '2.46546', '-76.59033', '2', '2021-09-17', '08:02:13', 1777.7, 0.19),
(243, '2.46544', '-76.59035', '2', '2021-09-17', '08:02:25', 1784.6, 0.19),
(244, '2.46544', '-76.59035', '2', '2021-09-17', '08:02:37', 1783, 0.07),
(245, '2.46545', '-76.59035', '2', '2021-09-17', '08:02:49', 1781.6, 0.15),
(246, '2.46547', '-76.59033', '2', '2021-09-17', '08:03:01', 1781.6, 0.04),
(247, '2.46547', '-76.59033', '2', '2021-09-17', '08:03:13', 1779, 0.04),
(248, '2.46548', '-76.59032', '2', '2021-09-17', '08:03:25', 1779, 0.02),
(249, '2.46547', '-76.59032', '2', '2021-09-17', '08:03:36', 1778, 0.02),
(250, '2.46545', '-76.59034', '1', '2021-09-17', '08:04:15', 1780.6, 0),
(251, '2.46544', '-76.59035', '1', '2021-09-17', '08:04:27', 1780.9, 0.09),
(252, '2.46546', '-76.59034', '1', '2021-09-17', '08:04:39', 1780.4, 0.09),
(253, '2.46548', '-76.59033', '1', '2021-09-17', '08:04:51', 1780.4, 0.02),
(254, '2.46548', '-76.59033', '1', '2021-09-17', '08:05:03', 1778.2, 0.02),
(255, '2.46549', '-76.59032', '1', '2021-09-17', '08:05:14', 1778.2, 0.02),
(256, '2.46549', '-76.59032', '1', '2021-09-17', '08:05:26', 1778.2, 0.02),
(257, '2.46548', '-76.59033', '1', '2021-09-17', '08:05:38', 1779.8, 0.02),
(258, '2.46546', '-76.59034', '1', '2021-09-17', '08:05:50', 1776.9, 0.06),
(259, '2.46545', '-76.59034', '1', '2021-09-17', '08:06:02', 1777.1, 0.04),
(260, '2.46545', '-76.59035', '1', '2021-09-17', '08:06:14', 1777.1, 0.02),
(261, '2.46545', '-76.59035', '1', '2021-09-17', '08:06:26', 1780.1, 0.02),
(262, '2.46543', '-76.59035', '1', '2021-09-17', '08:06:38', 1780.1, 0.04),
(263, '2.46543', '-76.59035', '1', '2021-09-17', '08:06:49', 1780.1, 0.04),
(264, '2.46545', '-76.59034', '1', '2021-09-17', '08:07:01', 1779.3, 0.04),
(265, '2.47999', '-76.58531', '1', '2021-09-17', '09:15:08', 1820.4, 0.07),
(266, '2.47999', '-76.58530', '1', '2021-09-17', '09:15:20', 1819.9, 0.15),
(267, '2.47998', '-76.58530', '1', '2021-09-17', '09:15:32', 1819.9, 0.17),
(268, '2.47998', '-76.58531', '1', '2021-09-17', '09:15:44', 1820, 0.28),
(269, '2.47998', '-76.58531', '1', '2021-09-17', '09:15:56', 1820.8, 0.28),
(270, '2.47998', '-76.58531', '1', '2021-09-17', '09:16:08', 1820.8, 0.3),
(271, '2.47999', '-76.58531', '1', '2021-09-17', '09:16:20', 1820.8, 0.04),
(272, '2.47999', '-76.58531', '1', '2021-09-17', '09:16:31', 1820.8, 0.04),
(273, '2.47999', '-76.58531', '1', '2021-09-17', '09:16:43', 1819, 0.04),
(274, '2.48000', '-76.58532', '1', '2021-09-17', '09:16:55', 1819, 0.09),
(275, '2.48000', '-76.58532', '1', '2021-09-17', '09:17:07', 1817.4, 0.39),
(276, '2.48000', '-76.58532', '1', '2021-09-17', '09:17:19', 1817.4, 0.02),
(277, '2.48000', '-76.58532', '1', '2021-09-17', '09:17:31', 1817.4, 0.02),
(278, '2.48000', '-76.58532', '1', '2021-09-17', '09:17:45', 1817.4, 0.02),
(279, '2.47998', '-76.58533', '1', '2021-09-17', '09:17:57', 1817.4, 0.2),
(280, '2.47998', '-76.58533', '1', '2021-09-17', '09:18:09', 1817.4, 0.2),
(281, '2.47998', '-76.58533', '1', '2021-09-17', '09:18:20', 1817.4, 0.2),
(282, '2.47998', '-76.58533', '1', '2021-09-17', '09:18:32', 1817.4, 0.2),
(283, '2.47998', '-76.58534', '1', '2021-09-17', '09:18:44', 1804.9, 0.2),
(284, '2.47998', '-76.58534', '1', '2021-09-17', '09:18:56', 1803.6, 0.26),
(285, '2.47999', '-76.58534', '1', '2021-09-17', '09:19:08', 1807.5, 0.02),
(286, '2.48000', '-76.58532', '1', '2021-09-17', '09:19:20', 1812.1, 1.02),
(287, '2.48003', '-76.58527', '1', '2021-09-17', '09:19:32', 1820, 1.57),
(288, '2.48001', '-76.58531', '1', '2021-09-17', '09:19:44', 1820, 0.19),
(289, '2.48000', '-76.58533', '1', '2021-09-17', '09:19:56', 1820, 1.19),
(290, '2.48000', '-76.58533', '1', '2021-09-17', '09:20:08', 1820, 1.19),
(291, '2.48000', '-76.58533', '1', '2021-09-17', '09:20:20', 1820, 1.19),
(292, '2.48000', '-76.58533', '1', '2021-09-17', '09:20:32', 1820, 1.19),
(293, '2.48000', '-76.58533', '1', '2021-09-17', '09:20:43', 1820, 1.19),
(294, '2.48000', '-76.58533', '1', '2021-09-17', '09:20:55', 1820, 1.19),
(295, '2.48000', '-76.58533', '1', '2021-09-17', '09:21:06', 1820, 1.19),
(296, '2.47999', '-76.58535', '1', '2021-09-17', '09:21:18', 1811.2, 1.19),
(297, '2.47999', '-76.58535', '1', '2021-09-17', '09:21:30', 1811.5, 0.17),
(298, '2.47999', '-76.58534', '1', '2021-09-17', '09:21:42', 1811.5, 0.04),
(299, '2.47998', '-76.58534', '1', '2021-09-17', '09:21:54', 1812.4, 0.11),
(300, '2.47998', '-76.58534', '1', '2021-09-17', '09:22:06', 1810.9, 0.11),
(301, '2.47998', '-76.58534', '1', '2021-09-17', '09:22:18', 1810.9, 0.48),
(302, '2.47998', '-76.58534', '1', '2021-09-17', '09:22:29', 1810.9, 0.48),
(303, '2.47998', '-76.58534', '1', '2021-09-17', '09:22:41', 1810.9, 0.48),
(304, '2.47998', '-76.58534', '1', '2021-09-17', '09:22:53', 1810.9, 0.48),
(305, '2.47999', '-76.58534', '1', '2021-09-17', '09:23:05', 1813.8, 0.02),
(306, '2.47999', '-76.58535', '1', '2021-09-17', '09:23:17', 1812.9, 0),
(307, '2.47998', '-76.58535', '1', '2021-09-17', '09:23:30', 1812.9, 0.28),
(308, '2.47998', '-76.58535', '1', '2021-09-17', '09:23:42', 1812.7, 0.28),
(309, '2.47998', '-76.58535', '1', '2021-09-17', '09:23:54', 1811.3, 0.09),
(310, '2.47998', '-76.58534', '1', '2021-09-17', '09:24:06', 1811.7, 0.06),
(311, '2.47998', '-76.58534', '1', '2021-09-17', '09:24:18', 1812.9, 0.06),
(312, '2.47998', '-76.58534', '1', '2021-09-17', '09:24:30', 1812.9, 0.33),
(313, '2.47998', '-76.58534', '1', '2021-09-17', '09:24:42', 1812.9, 0.33),
(314, '2.47998', '-76.58535', '1', '2021-09-17', '09:24:54', 1812.9, 0),
(315, '2.47998', '-76.58535', '1', '2021-09-17', '09:25:06', 1812.9, 0),
(316, '2.47998', '-76.58535', '1', '2021-09-17', '09:25:18', 1812.9, 0),
(317, '2.47998', '-76.58535', '1', '2021-09-17', '09:25:30', 1812.9, 0),
(318, '2.47998', '-76.58535', '1', '2021-09-17', '09:25:41', 1812.9, 0),
(319, '2.47998', '-76.58535', '1', '2021-09-17', '09:25:53', 1812.9, 0),
(320, '2.47998', '-76.58535', '1', '2021-09-17', '09:26:05', 1812.9, 0),
(321, '2.47997', '-76.58537', '1', '2021-09-17', '09:26:17', 1812.9, 0),
(322, '2.47997', '-76.58537', '1', '2021-09-17', '09:26:29', 1814.9, 0.02),
(323, '2.47998', '-76.58537', '1', '2021-09-17', '09:26:41', 1815.3, 0.06),
(324, '2.47997', '-76.58536', '1', '2021-09-17', '09:26:53', 1814.5, 0.09),
(325, '2.47997', '-76.58536', '1', '2021-09-17', '09:27:05', 1814.5, 0.04),
(326, '2.47998', '-76.58536', '1', '2021-09-17', '09:27:17', 1814.5, 0.09),
(327, '2.47998', '-76.58535', '1', '2021-09-17', '09:27:29', 1814.5, 0.09),
(328, '2.47998', '-76.58535', '1', '2021-09-17', '09:27:41', 1814.5, 0.09),
(329, '2.47998', '-76.58535', '1', '2021-09-17', '09:27:53', 1814.5, 0.04),
(330, '2.47998', '-76.58535', '1', '2021-09-17', '09:28:05', 1814.5, 0.04),
(331, '2.47998', '-76.58535', '1', '2021-09-17', '09:28:16', 1814.5, 0.04),
(332, '2.47999', '-76.58535', '1', '2021-09-17', '09:28:28', 1818, 0.04),
(333, '2.47999', '-76.58534', '1', '2021-09-17', '09:28:40', 1820, 0.04),
(334, '2.47999', '-76.58534', '1', '2021-09-17', '09:28:52', 1821.4, 0.31),
(335, '2.47999', '-76.58534', '1', '2021-09-17', '09:29:04', 1824.2, 0.17),
(336, '2.47999', '-76.58534', '1', '2021-09-17', '09:29:16', 1824.8, 0.11),
(337, '2.47999', '-76.58534', '1', '2021-09-17', '09:29:28', 1825.1, 0.17),
(338, '2.47998', '-76.58533', '1', '2021-09-17', '09:29:40', 1823.7, 0.06),
(339, '2.47998', '-76.58533', '1', '2021-09-17', '09:29:52', 1823.7, 0.19),
(340, '2.47998', '-76.58533', '1', '2021-09-17', '09:30:04', 1824, 0.19),
(341, '2.47997', '-76.58532', '1', '2021-09-17', '09:30:16', 1824, 0.52),
(342, '2.47997', '-76.58532', '1', '2021-09-17', '09:30:28', 1824, 0.52),
(343, '2.47997', '-76.58532', '1', '2021-09-17', '09:30:39', 1824, 0.52),
(344, '2.47997', '-76.58532', '1', '2021-09-17', '09:30:51', 1824, 0.52),
(345, '2.47998', '-76.58533', '1', '2021-09-17', '09:31:03', 1821.9, 0.52),
(346, '2.47998', '-76.58533', '1', '2021-09-17', '09:31:15', 1822, 0.11),
(347, '2.47998', '-76.58533', '1', '2021-09-17', '09:31:26', 1822, 0.11),
(348, '2.47998', '-76.58533', '1', '2021-09-17', '09:31:38', 1822, 0.07),
(349, '2.47997', '-76.58535', '1', '2021-09-17', '09:46:36', 0, 0.28),
(350, '2.47996', '-76.58534', '1', '2021-09-17', '09:46:48', 1811.6, 0.04),
(351, '2.47996', '-76.58534', '1', '2021-09-17', '09:47:01', 1810.1, 0.06),
(352, '2.47996', '-76.58533', '1', '2021-09-17', '09:47:13', 1809.1, 0.02),
(353, '2.47996', '-76.58533', '1', '2021-09-17', '09:47:25', 1811.7, 0.48),
(354, '2.47995', '-76.58532', '1', '2021-09-17', '09:47:37', 1811.7, 0.13),
(355, '2.47995', '-76.58532', '1', '2021-09-17', '09:47:49', 1811.7, 0.13),
(356, '2.47995', '-76.58532', '1', '2021-09-17', '09:48:00', 1811.7, 0.13),
(357, '2.47995', '-76.58532', '1', '2021-09-17', '09:48:12', 1811.7, 0.13),
(358, '2.47994', '-76.58532', '1', '2021-09-17', '09:48:24', 1814.4, 0.13),
(359, '2.47993', '-76.58532', '1', '2021-09-17', '09:48:36', 1814.8, 0.5),
(360, '2.47994', '-76.58532', '1', '2021-09-17', '09:48:48', 1814.1, 0.19),
(361, '2.47995', '-76.58532', '1', '2021-09-17', '09:49:00', 1813.5, 0.06),
(362, '2.47996', '-76.58532', '1', '2021-09-17', '09:49:12', 1814, 0.06),
(363, '2.47996', '-76.58532', '1', '2021-09-17', '09:49:24', 1814, 0.07),
(364, '2.47996', '-76.58532', '1', '2021-09-17', '09:49:36', 1814, 0.07),
(365, '2.47996', '-76.58532', '1', '2021-09-17', '09:49:48', 1814, 0.07),
(366, '2.47996', '-76.58532', '1', '2021-09-17', '09:49:59', 1814, 0.07),
(367, '2.47996', '-76.58532', '1', '2021-09-17', '09:50:11', 1814, 0.07),
(368, '2.47997', '-76.58534', '1', '2021-09-17', '09:50:23', 1813.4, 0.07),
(369, '2.47997', '-76.58533', '1', '2021-09-17', '09:50:35', 1814.1, 0.2),
(370, '2.47997', '-76.58534', '1', '2021-09-17', '09:52:22', 1812.6, 0.04),
(371, '2.47997', '-76.58534', '1', '2021-09-17', '09:52:34', 1812.6, 0.04),
(372, '2.47997', '-76.58534', '1', '2021-09-17', '09:52:58', 1812.6, 0.04),
(373, '2.47997', '-76.58534', '1', '2021-09-17', '09:53:57', 1812.9, 0.46),
(374, '2.47997', '-76.58534', '1', '2021-09-17', '09:54:09', 1811.7, 0.11),
(375, '2.47995', '-76.58535', '1', '2021-09-17', '09:55:41', 1814, 0.02),
(376, '2.47995', '-76.58535', '1', '2021-09-17', '09:55:53', 1814, 0.02),
(377, '2.47997', '-76.58534', '1', '2021-09-17', '09:56:53', 1810.1, 0.11),
(378, '2.47996', '-76.58534', '1', '2021-09-17', '09:57:05', 1809.6, 0.07),
(379, '2.47997', '-76.58534', '1', '2021-09-17', '09:57:17', 1810.1, 0.13),
(380, '2.47996', '-76.58534', '1', '2021-09-17', '09:57:41', 1810.1, 0.2),
(381, '2.47997', '-76.58534', '1', '2021-09-17', '09:58:16', 1813.2, 0.04),
(382, '2.47998', '-76.58534', '1', '2021-09-17', '09:58:40', 1811.3, 0.06),
(383, '2.47997', '-76.58534', '1', '2021-09-17', '10:00:03', 1817.2, 0.11),
(384, '2.47997', '-76.58534', '1', '2021-09-17', '10:00:27', 1817.2, 0.13),
(385, '2.47996', '-76.58534', '1', '2021-09-17', '10:02:01', 1814.4, 0.11),
(386, '2.47996', '-76.58534', '1', '2021-09-17', '10:02:13', 1813.9, 0.06),
(387, '2.47996', '-76.58534', '1', '2021-09-17', '10:02:40', 1815.6, 0.02),
(388, '2.47995', '-76.58534', '1', '2021-09-17', '10:04:56', 1810.2, 0.04),
(389, '2.47995', '-76.58534', '1', '2021-09-17', '10:05:32', 1810.2, 0.06),
(390, '2.47996', '-76.58534', '1', '2021-09-17', '10:06:07', 1812.4, 0),
(391, '2.47996', '-76.58534', '1', '2021-09-17', '10:06:42', 1812.4, 0.09),
(392, '2.47996', '-76.58533', '1', '2021-09-17', '10:07:18', 1820.8, 0.3),
(393, '2.47996', '-76.58533', '1', '2021-09-17', '10:08:29', 1819.1, 0.06),
(394, '2.47997', '-76.58534', '1', '2021-09-17', '10:08:52', 1819.1, 0.37),
(395, '2.47996', '-76.58534', '1', '2021-09-17', '10:10:03', 1812.5, 0.26),
(396, '2.47996', '-76.58534', '1', '2021-09-17', '10:10:15', 1812, 0.26),
(397, '2.47994', '-76.58533', '1', '2021-09-17', '10:12:13', 1818, 0.07),
(398, '2.47994', '-76.58533', '1', '2021-09-17', '10:13:24', 1812.7, 0.06),
(399, '2.47994', '-76.58534', '1', '2021-09-17', '10:13:59', 1812.9, 0.15),
(400, '2.47996', '-76.58534', '1', '2021-09-17', '10:14:47', 1811.5, 0.06),
(401, '2.47997', '-76.58535', '1', '2021-09-17', '10:16:45', 1811, 0.11),
(402, '2.47997', '-76.58535', '1', '2021-09-17', '10:16:57', 1812.4, 0.11),
(403, '2.47997', '-76.58535', '1', '2021-09-17', '10:17:20', 1812.4, 0.11),
(404, '2.47997', '-76.58534', '1', '2021-09-17', '10:18:20', 1814.5, 0.15),
(405, '2.47997', '-76.58534', '1', '2021-09-17', '10:18:43', 1814.5, 0.15),
(406, '2.47997', '-76.58534', '1', '2021-09-17', '10:19:31', 1812.9, 0.11),
(407, '2.47997', '-76.58534', '1', '2021-09-17', '10:19:43', 1812.9, 0.11),
(408, '2.47997', '-76.58534', '1', '2021-09-17', '10:20:18', 1812.9, 0.02),
(409, '2.47996', '-76.58534', '1', '2021-09-17', '10:20:48', 1812.9, 0.02),
(410, '2.47996', '-76.58534', '1', '2021-09-17', '10:21:00', 1812.6, 0.02),
(411, '2.47996', '-76.58534', '1', '2021-09-17', '10:21:23', 1812.6, 0.02),
(412, '2.47995', '-76.58534', '1', '2021-09-17', '10:22:23', 1809.7, 0.07),
(413, '2.47995', '-76.58534', '1', '2021-09-17', '10:22:46', 1809.7, 0.07),
(414, '2.47995', '-76.58534', '1', '2021-09-17', '10:22:57', 1809.7, 0.07),
(415, '2.47996', '-76.58534', '1', '2021-09-17', '10:31:37', 1818.4, 0.09),
(416, '2.47996', '-76.58534', '1', '2021-09-17', '10:31:49', 1818.4, 0.09),
(417, '2.47996', '-76.58534', '1', '2021-09-17', '10:32:01', 1818.4, 0.09),
(418, '2.47996', '-76.58534', '1', '2021-09-17', '10:32:12', 1818.4, 0.09),
(419, '2.47996', '-76.58534', '1', '2021-09-17', '10:32:24', 1818.4, 0.09),
(420, '2.47996', '-76.58534', '1', '2021-09-17', '10:32:36', 1818.4, 0.09),
(421, '2.47996', '-76.58534', '1', '2021-09-17', '10:32:48', 1818.4, 0.09),
(422, '2.47996', '-76.58535', '1', '2021-09-17', '10:33:00', 1817.7, 0.09),
(423, '2.47995', '-76.58535', '1', '2021-09-17', '10:33:14', 1817.4, 0.15),
(424, '2.47995', '-76.58535', '1', '2021-09-17', '10:33:26', 1816.9, 0.2),
(425, '2.47996', '-76.58535', '1', '2021-09-17', '10:33:38', 1816.9, 0.37),
(426, '2.47996', '-76.58535', '1', '2021-09-17', '10:33:50', 1817.3, 0.37),
(427, '2.47996', '-76.58535', '1', '2021-09-17', '10:34:02', 1817.3, 0.35),
(428, '2.47997', '-76.58535', '1', '2021-09-17', '10:34:26', 1817.3, 0.31),
(429, '2.47997', '-76.58535', '1', '2021-09-17', '10:34:38', 1817.3, 0.31),
(430, '2.47997', '-76.58535', '1', '2021-09-17', '10:34:50', 1817.3, 0.31),
(431, '2.47997', '-76.58535', '1', '2021-09-17', '10:35:01', 1817.3, 0.31),
(432, '2.47996', '-76.58534', '1', '2021-09-17', '10:35:13', 1816.1, 0.31),
(433, '2.47996', '-76.58534', '1', '2021-09-17', '10:35:49', 1817.4, 0.19),
(434, '2.47996', '-76.58533', '1', '2021-09-17', '10:36:13', 1816.4, 0.09),
(435, '2.47996', '-76.58533', '1', '2021-09-17', '10:36:28', 1816.4, 0.24),
(436, '2.47996', '-76.58533', '1', '2021-09-17', '10:36:39', 1816.4, 0.24),
(437, '2.47996', '-76.58533', '1', '2021-09-17', '10:36:51', 1816.4, 0.24);

-- --------------------------------------------------------

--
-- Table structure for table `datos_usuarios`
--

CREATE TABLE `datos_usuarios` (
  `id` int(11) NOT NULL,
  `nombre_completo` varchar(60) CHARACTER SET latin1 NOT NULL,
  `identificacion` varchar(16) CHARACTER SET latin1 NOT NULL,
  `direccion` varchar(60) CHARACTER SET latin1 COLLATE latin1_spanish_ci NOT NULL,
  `login` varchar(20) CHARACTER SET latin1 NOT NULL,
  `passwd` varchar(50) CHARACTER SET latin1 NOT NULL,
  `tipo_usuario` int(11) NOT NULL
) ENGINE=InnoDB DEFAULT CHARSET=utf8mb4;

--
-- Dumping data for table `datos_usuarios`
--

INSERT INTO `datos_usuarios` (`id`, `nombre_completo`, `identificacion`, `direccion`, `login`, `passwd`, `tipo_usuario`) VALUES
(1, 'Santiago Yangana', '22022000', 'Calle 5 #409-100', 'Santiago', 'd41d8cd98f00b204e9800998ecf8427e', 0),
(2, 'Nathalia Isabel Guerrero', '1061809038', 'Cra 15N #89-40', 'Nathalia', 'd41d8cd98f00b204e9800998ecf8427e', 0),
(7, 'Jhon Fredy', '1002970732', 'CRA 17#73N43', 'Jfredy', '4c25b32a72699ed712dfa80df77fc582', 1),
(8, 'Jhon Romero', '1028218', 'CRA', 'Jhoncito', '4c25b32a72699ed712dfa80df77fc582', 1),
(10, 'Ricardo', '25292205', 'Alfonso Lpez', 'Richard', '6ae199a93c381bf6d5de27491139d3f9', 0),
(11, 'Dana Ro', '1061699427', 'cra 17#73N43', '_isabellarom', '7a8ec779194bfdd25bee1a7df9e92f2e', 0);

-- --------------------------------------------------------

--
-- Table structure for table `datos_validos`
--

CREATE TABLE `datos_validos` (
  `id` int(11) NOT NULL,
  `id_tarjeta` int(11) NOT NULL,
  `fecha` date NOT NULL,
  `hora` varchar(20) NOT NULL,
  `estado` tinyint(1) NOT NULL DEFAULT '0'
) ENGINE=MyISAM DEFAULT CHARSET=latin1;

--
-- Dumping data for table `datos_validos`
--

INSERT INTO `datos_validos` (`id`, `id_tarjeta`, `fecha`, `hora`, `estado`) VALUES
(1, 1, '2021-09-17', '10:21:35', 0),
(2, 1, '2021-09-17', '10:21:47', 0),
(3, 1, '2021-09-17', '10:21:59', 0),
(4, 1, '2021-09-17', '10:22:11', 0),
(5, 1, '2021-09-17', '10:22:23', 1),
(6, 1, '2021-09-17', '10:22:34', 0),
(7, 1, '2021-09-17', '10:22:46', 1),
(8, 1, '2021-09-17', '10:22:57', 1),
(9, 1, '2021-09-17', '10:30:13', 0),
(10, 1, '2021-09-17', '10:30:25', 0),
(11, 1, '2021-09-17', '10:30:37', 0),
(12, 1, '2021-09-17', '10:30:49', 0),
(13, 1, '2021-09-17', '10:31:00', 0),
(14, 1, '2021-09-17', '10:31:12', 0),
(15, 1, '2021-09-17', '10:31:25', 0),
(16, 1, '2021-09-17', '10:31:37', 1),
(17, 1, '2021-09-17', '10:31:49', 1),
(18, 1, '2021-09-17', '10:32:01', 1),
(19, 1, '2021-09-17', '10:32:12', 1),
(20, 1, '2021-09-17', '10:32:24', 1),
(21, 1, '2021-09-17', '10:32:36', 1),
(22, 1, '2021-09-17', '10:32:48', 1),
(23, 1, '2021-09-17', '10:33:00', 1),
(24, 1, '2021-09-17', '10:33:14', 1),
(25, 1, '2021-09-17', '10:33:26', 1),
(26, 1, '2021-09-17', '10:33:38', 1),
(27, 1, '2021-09-17', '10:33:50', 1),
(28, 1, '2021-09-17', '10:34:02', 1),
(29, 1, '2021-09-17', '10:34:14', 0),
(30, 1, '2021-09-17', '10:34:26', 1),
(31, 1, '2021-09-17', '10:34:38', 1),
(32, 1, '2021-09-17', '10:34:50', 1),
(33, 1, '2021-09-17', '10:35:01', 1),
(34, 1, '2021-09-17', '10:35:13', 1),
(35, 1, '2021-09-17', '10:35:25', 0),
(36, 1, '2021-09-17', '10:35:37', 0),
(37, 1, '2021-09-17', '10:35:49', 1),
(38, 1, '2021-09-17', '10:36:01', 0),
(39, 1, '2021-09-17', '10:36:13', 1),
(40, 1, '2021-09-17', '10:36:28', 1),
(41, 1, '2021-09-17', '10:36:39', 1),
(42, 1, '2021-09-17', '10:36:51', 1);

--
-- Indexes for dumped tables
--

--
-- Indexes for table `datos_consultas`
--
ALTER TABLE `datos_consultas`
  ADD PRIMARY KEY (`id`),
  ADD KEY `id_usuario` (`id_usuario`),
  ADD KEY `id_tarjeta_consulta` (`id_tarjeta_consulta`);

--
-- Indexes for table `datos_dispositivos`
--
ALTER TABLE `datos_dispositivos`
  ADD PRIMARY KEY (`id_tarjeta`);

--
-- Indexes for table `datos_maximos`
--
ALTER TABLE `datos_maximos`
  ADD PRIMARY KEY (`id`);

--
-- Indexes for table `datos_medidos`
--
ALTER TABLE `datos_medidos`
  ADD PRIMARY KEY (`id`);

--
-- Indexes for table `datos_ponderados`
--
ALTER TABLE `datos_ponderados`
  ADD PRIMARY KEY (`id`);

--
-- Indexes for table `datos_ubicaciones`
--
ALTER TABLE `datos_ubicaciones`
  ADD PRIMARY KEY (`id`);

--
-- Indexes for table `datos_usuarios`
--
ALTER TABLE `datos_usuarios`
  ADD PRIMARY KEY (`id`);

--
-- Indexes for table `datos_validos`
--
ALTER TABLE `datos_validos`
  ADD PRIMARY KEY (`id`);

--
-- AUTO_INCREMENT for dumped tables
--

--
-- AUTO_INCREMENT for table `datos_consultas`
--
ALTER TABLE `datos_consultas`
  MODIFY `id` int(11) NOT NULL AUTO_INCREMENT, AUTO_INCREMENT=36;
--
-- AUTO_INCREMENT for table `datos_maximos`
--
ALTER TABLE `datos_maximos`
  MODIFY `id` int(11) NOT NULL AUTO_INCREMENT, AUTO_INCREMENT=3;
--
-- AUTO_INCREMENT for table `datos_medidos`
--
ALTER TABLE `datos_medidos`
  MODIFY `id` int(11) NOT NULL AUTO_INCREMENT, AUTO_INCREMENT=1246;
--
-- AUTO_INCREMENT for table `datos_ponderados`
--
ALTER TABLE `datos_ponderados`
  MODIFY `id` int(11) NOT NULL AUTO_INCREMENT, AUTO_INCREMENT=3;
--
-- AUTO_INCREMENT for table `datos_ubicaciones`
--
ALTER TABLE `datos_ubicaciones`
  MODIFY `id` int(11) NOT NULL AUTO_INCREMENT, AUTO_INCREMENT=438;
--
-- AUTO_INCREMENT for table `datos_usuarios`
--
ALTER TABLE `datos_usuarios`
  MODIFY `id` int(11) NOT NULL AUTO_INCREMENT, AUTO_INCREMENT=12;
--
-- AUTO_INCREMENT for table `datos_validos`
--
ALTER TABLE `datos_validos`
  MODIFY `id` int(11) NOT NULL AUTO_INCREMENT, AUTO_INCREMENT=43;
--
-- Constraints for dumped tables
--

--
-- Constraints for table `datos_consultas`
--
ALTER TABLE `datos_consultas`
  ADD CONSTRAINT `datos_consultas_ibfk_1` FOREIGN KEY (`id_usuario`) REFERENCES `datos_usuarios` (`id`) ON DELETE CASCADE ON UPDATE CASCADE,
  ADD CONSTRAINT `datos_consultas_ibfk_2` FOREIGN KEY (`id_tarjeta_consulta`) REFERENCES `datos_dispositivos` (`id_tarjeta`) ON DELETE CASCADE ON UPDATE CASCADE;

/*!40101 SET CHARACTER_SET_CLIENT=@OLD_CHARACTER_SET_CLIENT */;
/*!40101 SET CHARACTER_SET_RESULTS=@OLD_CHARACTER_SET_RESULTS */;
/*!40101 SET COLLATION_CONNECTION=@OLD_COLLATION_CONNECTION */;
